ts_recv,ts_event,rtype,publisher_id,instrument_id,action,side,depth,price,size,flags,ts_in_delta,sequence,symbol
1654864201100858345,1654864201100846675,0,2,7370,T,A,0,265760000000,14,130,11670,11404021,MSFT
1654864201100899733,1654864201100886880,0,2,7370,T,A,0,265700000000,2,128,12853,11404028,MSFT
1654864203915069654,1654864203915055569,0,2,7370,T,A,0,265580000000,1,0,14085,11423666,MSFT
1654864203915069654,1654864203915055569,0,2,7370,T,A,0,265580000000,1,130,14085,11423667,MSFT
1654864204088582798,1654864204088570588,0,2,7370,T,A,0,265500000000,1,130,12210,11425337,MSFT
1654864205178959839,1654864205178947937,0,2,7370,T,N,0,265450000000,51,130,11902,11429992,MSFT
1654864205178985945,1654864205178974283,0,2,7370,T,N,0,265450000000,63,130,11662,11429994,MSFT
1654864206492437973,1654864206492426164,0,2,7370,T,A,0,265400000000,100,130,11809,11439355,MSFT
1654864206492964893,1654864206492950036,0,2,7370,T,A,0,265350000000,2,130,14857,11439361,MSFT
1654864206492992058,1654864206492980039,0,2,7370,T,A,0,265280000000,4,130,12019,11439364,MSFT
1654864206570758387,1654864206570731026,0,2,7370,T,N,0,265040000000,10,0,27361,11439922,MSFT
1654864206570758387,1654864206570731026,0,2,7370,T,A,0,265000000000,1,0,27361,11439923,MSFT
1654864206570758387,1654864206570731026,0,2,7370,T,A,0,265000000000,15,0,27361,11439924,MSFT
1654864206570758387,1654864206570731026,0,2,7370,T,A,0,265000000000,1,0,27361,11439925,MSFT
1654864206570758387,1654864206570731026,0,2,7370,T,N,0,264970000000,10,0,27361,11439926,MSFT
1654864206570758387,1654864206570731026,0,2,7370,T,N,0,264880000000,10,0,27361,11439927,MSFT
1654864206570758387,1654864206570731026,0,2,7370,T,A,0,264870000000,10,0,27361,11439928,MSFT
1654864206570758387,1654864206570731026,0,2,7370,T,A,0,264790000000,1,0,27361,11439929,MSFT
1654864206570758387,1654864206570731026,0,2,7370,T,A,0,264790000000,1,0,27361,11439930,MSFT
1654864206570758387,1654864206570731026,0,2,7370,T,A,0,264710000000,1,0,27361,11439931,MSFT
1654864206570758387,1654864206570731026,0,2,7370,T,A,0,264710000000,1,0,27361,11439932,MSFT
1654864206570758387,1654864206570731026,0,2,7370,T,A,0,264700000000,1,0,27361,11439933,MSFT
1654864206570758387,1654864206570731026,0,2,7370,T,A,0,264700000000,1,130,27361,11439934,MSFT
1654864207034119784,1654864207034108214,0,2,7370,T,B,0,264970000000,5,130,11570,11442657,MSFT
1654864207055159427,1654864207055147689,0,2,7370,T,B,0,264970000000,5,130,11738,11442993,MSFT
1654864207296076826,1654864207296064968,0,2,7370,T,N,0,265100000000,6,130,11858,11445273,MSFT
1654864207786393128,1654864207786381348,0,2,7370,T,N,0,265100000000,10,130,11780,11450839,MSFT
1654864207814448475,1654864207814436821,0,2,7370,T,N,0,265100000000,34,130,11654,11451047,MSFT
1654864207814451195,1654864207814438430,0,2,7370,T,N,0,265100000000,7,130,12765,11451048,MSFT
1654864209193443670,1654864209193432372,0,2,7370,T,N,0,264750000000,6,130,11298,11464232,MSFT
1654864210047376848,1654864210047360133,0,2,7370,T,A,0,264500000000,1,0,16715,11468953,MSFT
1654864210047376848,1654864210047360133,0,2,7370,T,A,0,264500000000,1,0,16715,11468954,MSFT
1654864210047376848,1654864210047360133,0,2,7370,T,A,0,264500000000,1,0,16715,11468955,MSFT
1654864210047376848,1654864210047360133,0,2,7370,T,A,0,264500000000,1,130,16715,11468956,MSFT
1654864210440157383,1654864210440146037,0,2,7370,T,N,0,264510000000,4,130,11346,11471897,MSFT
1654864210445491552,1654864210445479590,0,2,7370,T,N,0,264510000000,5,130,11962,11471955,MSFT
1654864210478255227,1654864210478243400,0,2,7370,T,N,0,264510000000,5,130,11827,11472045,MSFT
1654864210499471239,1654864210499459584,0,2,7370,T,N,0,264510000000,4,130,11655,11472103,MSFT
1654864210547978244,1654864210547966525,0,2,7370,T,N,0,264510000000,5,130,11719,11472242,MSFT
1654864210557232350,1654864210557221023,0,2,7370,T,N,0,264510000000,5,130,11327,11472271,MSFT
1654864210598977029,1654864210598966020,0,2,7370,T,N,0,264510000000,4,130,11009,11472523,MSFT
1654864210613853454,1654864210613496974,0,2,7370,T,N,0,264510000000,2,0,356480,11472578,MSFT
1654864210613853454,1654864210613496974,0,2,7370,T,N,0,264540000000,3,130,356480,11472579,MSFT
1654864210649431839,1654864210649419453,0,2,7370,T,N,0,264540000000,5,130,12386,11472836,MSFT
1654864210660094492,1654864210660082910,0,2,7370,T,N,0,264540000000,5,130,11582,11472896,MSFT
1654864211080349296,1654864211080337763,0,2,7370,T,N,0,264510000000,3,130,11533,11476839,MSFT
1654864211882157929,1654864211882143764,0,2,7370,T,A,0,264400000000,1,0,14165,11480095,MSFT
1654864211882157929,1654864211882143764,0,2,7370,T,A,0,264280000000,1,130,14165,11480096,MSFT
1654864212817720085,1654864212817708229,0,2,7370,T,N,0,264430000000,12,130,11856,11485956,MSFT
1654864213421092577,1654864213421079092,0,2,7370,T,A,0,264190000000,27,130,13485,11489323,MSFT
1654864213421836420,1654864213421822598,0,2,7370,T,A,0,264150000000,1,130,13822,11489327,MSFT
1654864215041140362,1654864215041123786,0,2,7370,T,N,0,264020000000,3,0,16576,11497652,MSFT
1654864215041140362,1654864215041123786,0,2,7370,T,A,0,264000000000,80,0,16576,11497653,MSFT
1654864215041140362,1654864215041123786,0,2,7370,T,A,0,264000000000,5,0,16576,11497654,MSFT
1654864215041140362,1654864215041123786,0,2,7370,T,A,0,264000000000,1,130,16576,11497655,MSFT
1654864215041147455,1654864215041123786,0,2,7370,T,A,0,264000000000,3,0,23669,11497656,MSFT
1654864215041147455,1654864215041123786,0,2,7370,T,A,0,264000000000,1,0,23669,11497657,MSFT
1654864215041147455,1654864215041123786,0,2,7370,T,A,0,264000000000,1,0,23669,11497658,MSFT
1654864215041147455,1654864215041123786,0,2,7370,T,A,0,264000000000,1,0,23669,11497659,MSFT
1654864215041147455,1654864215041123786,0,2,7370,T,A,0,264000000000,1,0,23669,11497660,MSFT
1654864215041147455,1654864215041123786,0,2,7370,T,A,0,264000000000,1,0,23669,11497661,MSFT
1654864215041147455,1654864215041123786,0,2,7370,T,A,0,264000000000,98,130,23669,11497662,MSFT
1654864215041305370,1654864215041290423,0,2,7370,T,A,0,264000000000,2,0,14947,11497669,MSFT
1654864215041305370,1654864215041290423,0,2,7370,T,A,0,264000000000,1,130,14947,11497670,MSFT
1654864215989842206,1654864215989828880,0,2,7370,T,A,0,263880000000,100,0,13326,11504020,MSFT
1654864215989842206,1654864215989828880,0,2,7370,T,A,0,263800000000,5,130,13326,11504021,MSFT
1654864217376974485,1654864217376963081,0,2,7370,T,N,0,263890000000,5,130,11404,11511732,MSFT
1654864218332130298,1654864218332118609,0,2,7370,T,N,0,263590000000,1,130,11689,11516193,MSFT
1654864218334695674,1654864218334683145,0,2,7370,T,A,0,263500000000,1,130,12529,11516197,MSFT
1654864218334783978,1654864218334772053,0,2,7370,T,A,0,263500000000,9,130,11925,11516198,MSFT
1654864218693386726,1654864218693375257,0,2,7370,T,N,0,263350000000,1,130,11469,11517577,MSFT
1654864218693651601,1654864218693636785,0,2,7370,T,A,0,263300000000,1,130,14816,11517578,MSFT
1654864218694069758,1654864218694058292,0,2,7370,T,N,0,263090000000,1,130,11466,11517584,MSFT
1654864220061886347,1654864220061864185,0,2,7370,T,A,0,263000000000,10,0,22162,11524599,MSFT
1654864220061886347,1654864220061864185,0,2,7370,T,A,0,263000000000,1,0,22162,11524600,MSFT
1654864220061886347,1654864220061864185,0,2,7370,T,A,0,263000000000,5,0,22162,11524601,MSFT
1654864220061886347,1654864220061864185,0,2,7370,T,A,0,263000000000,1,0,22162,11524602,MSFT
1654864220061886347,1654864220061864185,0,2,7370,T,A,0,263000000000,1,0,22162,11524603,MSFT
1654864220061886347,1654864220061864185,0,2,7370,T,A,0,263000000000,1,0,22162,11524604,MSFT
1654864220061886347,1654864220061864185,0,2,7370,T,A,0,263000000000,2,0,22162,11524605,MSFT
1654864220061886347,1654864220061864185,0,2,7370,T,A,0,263000000000,7,130,22162,11524606,MSFT
1654864220062594532,1654864220062579695,0,2,7370,T,A,0,263000000000,3,0,14837,11524611,MSFT
1654864220062594532,1654864220062579695,0,2,7370,T,A,0,263000000000,1,0,14837,11524612,MSFT
1654864220062594532,1654864220062579695,0,2,7370,T,A,0,263000000000,5,130,14837,11524613,MSFT
1654864220160434067,1654864220160420478,0,2,7370,T,A,0,262990000000,1,130,13589,11525629,MSFT
1654864220164484731,1654864220164472280,0,2,7370,T,A,0,262880000000,10,130,12451,11525661,MSFT
1654864220723320715,1654864220723309289,0,2,7370,T,N,0,262620000000,22,130,11426,11528968,MSFT
1654864220724893651,1654864220724877567,0,2,7370,T,A,0,262500000000,7,0,16084,11528984,MSFT
1654864220724893651,1654864220724877567,0,2,7370,T,A,0,262470000000,3,0,16084,11528985,MSFT
1654864220724893651,1654864220724877567,0,2,7370,T,A,0,262400000000,7,0,16084,11528986,MSFT
1654864220724893651,1654864220724877567,0,2,7370,T,A,0,262400000000,1,130,16084,11528987,MSFT
1654864220724898025,1654864220724877567,0,2,7370,T,A,0,262400000000,4,0,20458,11528988,MSFT
1654864220724898025,1654864220724877567,0,2,7370,T,N,0,262380000000,10,0,20458,11528989,MSFT
1654864220724898025,1654864220724877567,0,2,7370,T,N,0,262340000000,34,0,20458,11528990,MSFT
1654864220724898025,1654864220724877567,0,2,7370,T,A,0,262100000000,2,0,20458,11528991,MSFT
1654864220724898025,1654864220724877567,0,2,7370,T,A,0,262000000000,1,130,20458,11528992,MSFT
1654864220724906139,1654864220724877567,0,2,7370,T,A,0,262000000000,2,0,28572,11528993,MSFT
1654864220724906139,1654864220724877567,0,2,7370,T,A,0,262000000000,10,0,28572,11528994,MSFT
1654864220724906139,1654864220724877567,0,2,7370,T,A,0,262000000000,1,0,28572,11528995,MSFT
1654864220724906139,1654864220724877567,0,2,7370,T,A,0,262000000000,2,0,28572,11528996,MSFT
1654864220724906139,1654864220724877567,0,2,7370,T,A,0,262000000000,9,0,28572,11528997,MSFT
1654864220724906139,1654864220724877567,0,2,7370,T,A,0,262000000000,5,0,28572,11528998,MSFT
1654864220724906139,1654864220724877567,0,2,7370,T,A,0,262000000000,1,0,28572,11528999,MSFT
1654864220724906139,1654864220724877567,0,2,7370,T,A,0,262000000000,1,130,28572,11529000,MSFT
1654864221803589418,1654864221803575570,0,2,7370,T,N,0,262720000000,34,0,13848,11534157,MSFT
1654864221803589418,1654864221803575570,0,2,7370,T,N,0,262770000000,7,0,13848,11534158,MSFT
1654864221803589418,1654864221803575570,0,2,7370,T,N,0,262790000000,59,130,13848,11534159,MSFT
1654864222684482887,1654864222684471503,0,2,7370,T,A,0,262300000000,1,130,11384,11540260,MSFT
1654864222684498660,1654864222684487657,0,2,7370,T,N,0,262250000000,7,130,11003,11540261,MSFT
1654864223101600781,1654864223101589703,0,2,7370,T,N,0,262450000000,9,130,11078,11542253,MSFT
1654864223150248408,1654864223150237102,0,2,7370,T,N,0,262500000000,4,130,11306,11542436,MSFT
1654864225141881845,1654864225141866361,0,2,7370,T,A,0,262000000000,1,0,15484,11550455,MSFT
1654864225141881845,1654864225141866361,0,2,7370,T,N,0,262000000000,10,130,15484,11550456,MSFT
1654864226300452612,1654864226300440735,0,2,7370,T,N,0,262000000000,34,130,11877,11556203,MSFT
1654864226883712328,1654864226883701146,0,2,7370,T,N,0,262000000000,5,130,11182,11558922,MSFT
1654864229538110151,1654864229538097718,0,2,7370,T,N,0,261970000000,3,0,12433,11570685,MSFT
1654864229538110151,1654864229538097718,0,2,7370,T,B,0,262000000000,97,130,12433,11570686,MSFT
1654864229577324457,1654864229577312852,0,2,7370,T,B,0,262000000000,53,130,11605,11570865,MSFT
1654864230828947216,1654864230828931950,0,2,7370,T,A,0,261600000000,6,0,15266,11578272,MSFT
1654864230828947216,1654864230828931950,0,2,7370,T,A,0,261580000000,3,0,15266,11578273,MSFT
1654864230828947216,1654864230828931950,0,2,7370,T,A,0,261500000000,1,130,15266,11578274,MSFT
1654864232596143811,1654864232596132298,0,2,7370,T,N,0,261750000000,34,130,11513,11588803,MSFT
1654864232596170060,1654864232596158911,0,2,7370,T,N,0,261750000000,3,130,11149,11588804,MSFT
1654864232596267715,1654864232596256579,0,2,7370,T,N,0,261750000000,100,130,11136,11588805,MSFT
1654864232596304617,1654864232596293128,0,2,7370,T,N,0,261750000000,100,130,11489,11588807,MSFT
1654864239746895119,1654864239746883775,0,2,7370,T,N,0,261550000000,18,130,11344,11629681,MSFT
1654864240432773023,1654864240432758286,0,2,7370,T,N,0,261550000000,82,0,14737,11632529,MSFT
1654864240432773023,1654864240432758286,0,2,7370,T,N,0,261510000000,200,0,14737,11632530,MSFT
1654864240432773023,1654864240432758286,0,2,7370,T,N,0,261490000000,100,0,14737,11632531,MSFT
1654864240432773023,1654864240432758286,0,2,7370,T,N,0,261490000000,93,130,14737,11632532,MSFT
1654864241682273343,1654864241682261901,0,2,7370,T,N,0,261490000000,2,130,11442,11638684,MSFT
1654864242769119828,1654864242769108343,0,2,7370,T,N,0,261490000000,3,130,11485,11643065,MSFT
1654864242769155070,1654864242769143874,0,2,7370,T,N,0,261490000000,2,130,11196,11643066,MSFT
1654864243833938077,1654864243833924835,0,2,7370,T,A,0,261330000000,2,0,13242,11647565,MSFT
1654864243833938077,1654864243833924835,0,2,7370,T,A,0,261200000000,1,130,13242,11647566,MSFT
1654864249227488256,1654864249227475350,0,2,7370,T,N,0,261010000000,5,130,12906,11679249,MSFT
1654864249242996349,1654864249242984957,0,2,7370,T,N,0,261010000000,5,130,11392,11679480,MSFT
1654864250919575728,1654864250919558309,0,2,7370,T,N,0,261500000000,34,0,17419,11687734,MSFT
1654864250919575728,1654864250919558309,0,2,7370,T,N,0,261500000000,100,0,17419,11687735,MSFT
1654864250919575728,1654864250919558309,0,2,7370,T,N,0,261560000000,100,0,17419,11687736,MSFT
1654864250919575728,1654864250919558309,0,2,7370,T,N,0,261600000000,139,0,17419,11687737,MSFT
1654864250919575728,1654864250919558309,0,2,7370,T,N,0,261600000000,461,0,17419,11687738,MSFT
1654864250919575728,1654864250919558309,0,2,7370,T,B,0,261700000000,35,0,17419,11687739,MSFT
1654864250919575728,1654864250919558309,0,2,7370,T,B,0,261700000000,65,130,17419,11687740,MSFT
1654864251892572738,1654864251892561642,0,2,7370,T,N,0,261720000000,20,130,11096,11693663,MSFT
1654864256971527472,1654864256971515730,0,2,7370,T,N,0,261060000000,5,130,11742,11721981,MSFT
1654864260377371490,1654864260377360320,0,2,7370,T,B,0,261120000000,6,130,11170,11740054,MSFT
1654864265175670877,1654864265175659583,0,2,7370,T,A,0,261020000000,5,130,11294,11768814,MSFT
1654864266038358628,1654864266038346939,0,2,7370,T,A,0,261020000000,50,130,11689,11771766,MSFT
1654864267174660407,1654864267174646791,0,2,7370,T,N,0,261620000000,34,0,13616,11776449,MSFT
1654864267174660407,1654864267174646791,0,2,7370,T,N,0,261670000000,50,0,13616,11776450,MSFT
1654864267174660407,1654864267174646791,0,2,7370,T,N,0,261700000000,16,130,13616,11776451,MSFT
1654864267251666173,1654864267251654602,0,2,7370,T,A,0,261020000000,100,130,11571,11776659,MSFT
1654864269372052729,1654864269372036574,0,2,7370,T,A,0,261020000000,45,0,16155,11786526,MSFT
1654864269372052729,1654864269372036574,0,2,7370,T,A,0,261000000000,5,0,16155,11786527,MSFT
1654864269372052729,1654864269372036574,0,2,7370,T,A,0,261000000000,2,0,16155,11786528,MSFT
1654864269372052729,1654864269372036574,0,2,7370,T,A,0,261000000000,4,130,16155,11786529,MSFT
1654864269372057884,1654864269372036574,0,2,7370,T,A,0,261000000000,10,0,21310,11786530,MSFT
1654864269372057884,1654864269372036574,0,2,7370,T,A,0,261000000000,5,0,21310,11786531,MSFT
1654864269372057884,1654864269372036574,0,2,7370,T,A,0,261000000000,1,0,21310,11786532,MSFT
1654864269372057884,1654864269372036574,0,2,7370,T,A,0,261000000000,5,0,21310,11786533,MSFT
1654864269372057884,1654864269372036574,0,2,7370,T,A,0,261000000000,23,130,21310,11786534,MSFT
1654864271599960841,1654864271599949109,0,2,7370,T,N,0,261110000000,5,130,11732,11798644,MSFT
1654864271642628729,1654864271642617393,0,2,7370,T,N,0,261110000000,5,130,11336,11798928,MSFT
1654864271693349219,1654864271693336987,0,2,7370,T,A,0,261000000000,10,130,12232,11799204,MSFT
1654864277758470907,1654864277758459551,0,2,7370,T,N,0,261100000000,30,130,11356,11829842,MSFT
1654864277759446173,1654864277759434442,0,2,7370,T,N,0,261100000000,20,130,11731,11829849,MSFT
1654864281785618409,1654864281785607270,0,2,7370,T,N,0,261040000000,10,130,11139,11851777,MSFT
1654864281920477464,1654864281920465843,0,2,7370,T,N,0,261680000000,47,130,11621,11852831,MSFT
1654864282625257246,1654864282625245069,0,2,7370,T,N,0,261040000000,10,130,12177,11857414,MSFT
1654864282625400409,1654864282625388745,0,2,7370,T,N,0,261040000000,28,130,11664,11857415,MSFT
1654864282626255638,1654864282626244389,0,2,7370,T,N,0,261040000000,30,130,11249,11857429,MSFT
1654864282626355476,1654864282626342923,0,2,7370,T,N,0,261040000000,22,0,12553,11857432,MSFT
1654864282626355476,1654864282626342923,0,2,7370,T,N,0,261030000000,5,130,12553,11857433,MSFT
1654864282626389734,1654864282626378473,0,2,7370,T,N,0,261030000000,5,130,11261,11857434,MSFT
1654864282626650862,1654864282626639784,0,2,7370,T,N,0,261030000000,5,130,11078,11857440,MSFT
1654864283354353532,1654864283354340902,0,2,7370,T,N,0,262060000000,2,0,12630,11861492,MSFT
1654864283354353532,1654864283354340902,0,2,7370,T,B,0,262070000000,108,130,12630,11861493,MSFT
1654864283375382855,1654864283375371710,0,2,7370,T,N,0,261100000000,8,130,11145,11861553,MSFT
1654864283396899200,1654864283396887803,0,2,7370,T,N,0,261100000000,5,130,11397,11861621,MSFT
1654864285032076038,1654864285032064408,0,2,7370,T,N,0,261230000000,5,130,11630,11872095,MSFT
1654864285032175511,1654864285032164192,0,2,7370,T,N,0,261230000000,5,130,11319,11872098,MSFT
1654864285697553478,1654864285697541462,0,2,7370,T,N,0,261900000000,100,130,12016,11883065,MSFT
1654864287803964138,1654864287803952529,0,2,7370,T,N,0,261360000000,20,130,11609,11899453,MSFT
1654864287804415948,1654864287804403923,0,2,7370,T,N,0,261360000000,5,130,12025,11899462,MSFT
1654864287804989397,1654864287804978328,0,2,7370,T,N,0,261360000000,20,130,11069,11899472,MSFT
1654864287828387692,1654864287828376610,0,2,7370,T,N,0,261360000000,5,130,11082,11899828,MSFT
1654864287916419401,1654864287916408107,0,2,7370,T,N,0,261360000000,22,130,11294,11900466,MSFT
1654864287917207635,1654864287917195443,0,2,7370,T,N,0,261360000000,13,130,12192,11900486,MSFT
1654864287918844491,1654864287918832774,0,2,7370,T,N,0,261100000000,5,130,11717,11900493,MSFT
1654864287918942034,1654864287918930845,0,2,7370,T,N,0,261100000000,5,130,11189,11900494,MSFT
1654864290829143099,1654864290829131462,0,2,7370,T,A,0,261350000000,16,130,11637,11927602,MSFT
1654864293064432695,1654864293064421353,0,2,7370,T,N,0,261500000000,5,130,11342,11942495,MSFT
1654864293283638156,1654864293283626560,0,2,7370,T,N,0,261500000000,5,130,11596,11944300,MSFT
1654864293284393563,1654864293284382171,0,2,7370,T,N,0,261500000000,5,130,11392,11944310,MSFT
1654864297986228212,1654864297986216871,0,2,7370,T,N,0,261770000000,94,130,11341,11980376,MSFT
1654864303046987108,1654864303046975638,0,2,7370,T,N,0,262000000000,1,130,11470,12014223,MSFT
1654864303047057241,1654864303047046269,0,2,7370,T,N,0,262000000000,104,130,10972,12014230,MSFT
1654864303047153159,1654864303047142113,0,2,7370,T,N,0,262000000000,5,130,11046,12014231,MSFT
1654864303047501556,1654864303047486526,0,2,7370,T,N,0,262000000000,86,0,15030,12014239,MSFT
1654864303047501556,1654864303047486526,0,2,7370,T,A,0,261770000000,1,0,15030,12014240,MSFT
1654864303047501556,1654864303047486526,0,2,7370,T,N,0,261770000000,6,0,15030,12014241,MSFT
1654864303047501556,1654864303047486526,0,2,7370,T,N,0,261500000000,3,0,15030,12014242,MSFT
1654864303047501556,1654864303047486526,0,2,7370,T,A,0,261390000000,29,130,15030,12014243,MSFT
1654864305544151902,1654864305544139407,0,2,7370,T,N,0,262000000000,7,130,12495,12032852,MSFT
1654864305545307680,1654864305545295020,0,2,7370,T,N,0,262000000000,8,128,12660,12032867,MSFT
1654864310760063968,1654864310760052678,0,2,7370,T,N,0,262000000000,5,130,11290,12076835,MSFT
1654864311627283960,1654864311627272824,0,2,7370,T,N,0,262000000000,5,130,11136,12089125,MSFT
1654864311743472613,1654864311743459975,0,2,7370,T,N,0,262000000000,85,0,12638,12091652,MSFT
1654864311743472613,1654864311743459975,0,2,7370,T,A,0,261960000000,15,130,12638,12091653,MSFT
1654864312012448854,1654864312012437589,0,2,7370,T,N,0,262000000000,100,130,11265,12095179,MSFT
1654864314647092893,1654864314647079480,0,2,7370,T,A,0,261960000000,85,0,13413,12106888,MSFT
1654864314647092893,1654864314647079480,0,2,7370,T,N,0,261690000000,19,0,13413,12106889,MSFT
1654864314647092893,1654864314647079480,0,2,7370,T,A,0,261640000000,6,130,13413,12106890,MSFT
1654864320770519152,1654864320770507952,0,2,7370,T,N,0,261640000000,5,130,11200,12162009,MSFT
1654864320770911499,1654864320770900836,0,2,7370,T,N,0,261650000000,8,130,10663,12162010,MSFT
1654864320771026074,1654864320771015143,0,2,7370,T,N,0,261650000000,7,130,10931,12162011,MSFT
1654864323725632913,1654864323725621473,0,2,7370,T,N,0,261520000000,10,130,11440,12182026,MSFT
1654864323726259782,1654864323726246817,0,2,7370,T,N,0,261520000000,2,0,12965,12182047,MSFT
1654864323726259782,1654864323726246817,0,2,7370,T,N,0,261510000000,74,130,12965,12182048,MSFT
1654864323908737137,1654864323908723900,0,2,7370,T,N,0,261510000000,46,0,13237,12183695,MSFT
1654864323908737137,1654864323908723900,0,2,7370,T,N,0,261400000000,10,0,13237,12183696,MSFT
1654864323908737137,1654864323908723900,0,2,7370,T,A,0,261390000000,144,130,13237,12183697,MSFT
1654864323909370474,1654864323909359264,0,2,7370,T,A,0,261390000000,20,130,11210,12183704,MSFT
1654864326154532805,1654864326154519498,0,2,7370,T,N,0,261700000000,20,0,13307,12201395,MSFT
1654864326154532805,1654864326154519498,0,2,7370,T,B,0,261710000000,200,0,13307,12201396,MSFT
1654864326167378872,1654864326167364539,0,2,7370,T,N,0,262100000000,100,0,14333,12201527,MSFT
1654864326167378872,1654864326167364539,0,2,7370,T,N,0,262150000000,100,0,14333,12201528,MSFT
1654864326167378872,1654864326167364539,0,2,7370,T,N,0,262250000000,30,0,14333,12201529,MSFT
1654864326167405180,1654864326167392972,0,2,7370,T,A,0,262310000000,5,130,12208,12201531,MSFT
1654864326167855247,1654864326167844257,0,2,7370,T,A,0,262310000000,30,130,10990,12201536,MSFT
1654864326170239269,1654864326170227685,0,2,7370,T,A,0,262310000000,50,130,11584,12201553,MSFT
1654864326174059800,1654864326174047841,0,2,7370,T,A,0,262310000000,263,130,11959,12201647,MSFT
1654864326178443342,1654864326178432372,0,2,7370,T,A,0,262310000000,5,130,10970,12201845,MSFT
1654864326244780585,1654864326244768721,0,2,7370,T,A,0,262310000000,400,130,11864,12202510,MSFT
1654864326617761142,1654864326617749380,0,2,7370,T,A,0,262310000000,500,130,11762,12204712,MSFT
1654864326698408685,1654864326698397014,0,2,7370,T,A,0,262310000000,50,130,11671,12204943,MSFT
1654864326698413357,1654864326698401745,0,2,7370,T,A,0,262310000000,7,130,11612,12204944,MSFT
1654864327678640052,1654864327678628972,0,2,7370,T,N,0,261470000000,6,130,11080,12210687,MSFT
1654864327774354688,1654864327774343064,0,2,7370,T,N,0,261470000000,5,130,11624,12211240,MSFT
1654864329703954719,1654864329703942614,0,2,7370,T,N,0,261450000000,100,130,12105,12233688,MSFT
1654864330580970950,1654864330580959795,0,2,7370,T,N,0,261990000000,5,130,11155,12246873,MSFT
1654864347772370018,1654864347772356933,0,2,7370,T,N,0,261340000000,30,0,13085,12389532,MSFT
1654864347772370018,1654864347772356933,0,2,7370,T,N,0,261320000000,41,130,13085,12389533,MSFT
1654864347772909700,1654864347772898417,0,2,7370,T,N,0,261320000000,15,130,11283,12389545,MSFT
1654864348401661746,1654864348401649333,0,2,7370,T,N,0,261320000000,15,130,12413,12396536,MSFT
1654864348791263848,1654864348791250594,0,2,7370,T,N,0,261320000000,29,0,13254,12399353,MSFT
1654864348791263848,1654864348791250594,0,2,7370,T,A,0,261280000000,15,130,13254,12399354,MSFT
1654864351225135326,1654864351225123173,0,2,7370,T,N,0,261340000000,100,130,12153,12420958,MSFT
1654864352815019413,1654864352815007343,0,2,7370,T,B,0,261290000000,100,130,12070,12437820,MSFT
1654864353525619573,1654864353525607813,0,2,7370,T,N,0,261300000000,1,130,11760,12442545,MSFT
1654864353903344437,1654864353903332258,0,2,7370,T,N,0,261300000000,19,130,12179,12447580,MSFT
1654864355920730084,1654864355920718342,0,2,7370,T,N,0,261300000000,12,130,11742,12461873,MSFT
1654864358694138161,1654864358694126861,0,2,7370,T,N,0,261300000000,9,130,11300,12480520,MSFT
1654864361702346920,1654864361702335569,0,2,7370,T,B,0,261100000000,250,130,11351,12504887,MSFT
1654864361702350646,1654864361702339370,0,2,7370,T,B,0,261100000000,50,130,11276,12504888,MSFT
1654864361702356658,1654864361702345534,0,2,7370,T,B,0,261100000000,50,130,11124,12504889,MSFT
1654864361702363610,1654864361702351792,0,2,7370,T,B,0,261100000000,50,130,11818,12504890,MSFT
1654864361702368006,1654864361702356444,0,2,7370,T,B,0,261100000000,100,130,11562,12504891,MSFT
1654864361702378392,1654864361702366618,0,2,7370,T,B,0,261100000000,61,130,11774,12504892,MSFT
1654864361766387566,1654864361766375044,0,2,7370,T,N,0,261080000000,8,0,12522,12505376,MSFT
1654864361766387566,1654864361766375044,0,2,7370,T,N,0,261090000000,92,130,12522,12505377,MSFT
1654864362977398626,1654864362977342669,0,2,7370,T,B,0,261100000000,1,130,55957,12514898,MSFT
1654864365701900087,1654864365701889063,0,2,7370,T,B,0,261100000000,100,130,11024,12531399,MSFT
1654864370509894900,1654864370509883138,0,2,7370,T,A,0,261010000000,5,130,11762,12554321,MSFT
1654864370517223484,1654864370517210659,0,2,7370,T,A,0,261010000000,5,130,12825,12554354,MSFT
1654864371411395221,1654864371411379900,0,2,7370,T,A,0,261010000000,293,0,15321,12558314,MSFT
1654864371411395221,1654864371411379900,0,2,7370,T,N,0,261010000000,1,0,15321,12558315,MSFT
1654864371411395221,1654864371411379900,0,2,7370,T,N,0,261010000000,1,0,15321,12558316,MSFT
1654864371411395221,1654864371411379900,0,2,7370,T,N,0,261010000000,1,130,15321,12558317,MSFT
1654864372178406871,1654864372178391227,0,2,7370,T,A,0,261000000000,17,0,15644,12564193,MSFT
1654864372178406871,1654864372178391227,0,2,7370,T,A,0,261000000000,10,0,15644,12564194,MSFT
1654864372178406871,1654864372178391227,0,2,7370,T,A,0,261000000000,5,0,15644,12564195,MSFT
1654864372178406871,1654864372178391227,0,2,7370,T,A,0,261000000000,1,130,15644,12564196,MSFT
1654864372830282121,1654864372830269789,0,2,7370,T,N,0,260850000000,2,0,12332,12567511,MSFT
1654864372830282121,1654864372830269789,0,2,7370,T,A,0,260800000000,1,130,12332,12567512,MSFT
1654864373244807682,1654864373244795033,0,2,7370,T,A,0,260800000000,3,0,12649,12570833,MSFT
1654864373244807682,1654864373244795033,0,2,7370,T,A,0,260780000000,168,130,12649,12570834,MSFT
1654864373309863656,1654864373309850033,0,2,7370,T,N,0,260780000000,1,0,13623,12571382,MSFT
1654864373309863656,1654864373309850033,0,2,7370,T,N,0,260780000000,1,0,13623,12571383,MSFT
1654864373309863656,1654864373309850033,0,2,7370,T,N,0,260780000000,1,130,13623,12571384,MSFT
1654864373315599679,1654864373315587545,0,2,7370,T,B,0,260870000000,1,130,12134,12571406,MSFT
1654864373330310344,1654864373330298469,0,2,7370,T,B,0,261100000000,4,130,11875,12571508,MSFT
1654864379712736628,1654864379712725273,0,2,7370,T,B,0,260910000000,5,130,11355,12616413,MSFT
1654864380354031853,1654864380354017050,0,2,7370,T,N,0,260800000000,17,128,14803,12621278,MSFT
1654864380355091601,1654864380355079372,0,2,7370,T,N,0,260800000000,18,130,12229,12621308,MSFT
1654864380449390597,1654864380449378143,0,2,7370,T,N,0,260800000000,15,0,12454,12622213,MSFT
1654864380449446953,1654864380449435189,0,2,7370,T,B,0,260800000000,15,130,11764,12622218,MSFT
1654864380604305729,1654864380604293977,0,2,7370,T,A,0,260700000000,1,130,11752,12623580,MSFT
1654864382768421463,1654864382768410418,0,2,7370,T,B,0,260780000000,75,130,11045,12638780,MSFT
1654864382768430605,1654864382768419892,0,2,7370,T,B,0,260780000000,225,130,10713,12638781,MSFT
1654864382768439605,1654864382768428422,0,2,7370,T,B,0,260780000000,150,130,11183,12638782,MSFT
1654864382768443301,1654864382768432424,0,2,7370,T,B,0,260780000000,75,130,10877,12638783,MSFT
1654864382768833450,1654864382768821434,0,2,7370,T,N,0,260750000000,8,0,12016,12638784,MSFT
1654864382768833450,1654864382768821434,0,2,7370,T,B,0,260780000000,67,130,12016,12638785,MSFT
1654864382768835917,1654864382768824777,0,2,7370,T,B,0,260780000000,75,130,11140,12638786,MSFT
1654864382768839620,1654864382768828198,0,2,7370,T,B,0,260780000000,75,130,11422,12638787,MSFT
1654864382768848799,1654864382768837153,0,2,7370,T,B,0,260780000000,75,130,11646,12638788,MSFT
1654864382768851377,1654864382768838619,0,2,7370,T,B,0,260780000000,75,130,12758,12638789,MSFT
1654864382768852934,1654864382768841817,0,2,7370,T,B,0,260780000000,75,130,11117,12638790,MSFT
1654864382768860429,1654864382768843511,0,2,7370,T,B,0,260780000000,33,0,16918,12638791,MSFT
1654864382768860429,1654864382768843511,0,2,7370,T,N,0,260780000000,1,0,16918,12638792,MSFT
1654864382768860429,1654864382768843511,0,2,7370,T,N,0,260780000000,1,0,16918,12638793,MSFT
1654864382768860429,1654864382768843511,0,2,7370,T,N,0,260780000000,1,130,16918,12638794,MSFT
1654864383823256775,1654864383823244019,0,2,7370,T,B,0,260910000000,5,130,12756,12643675,MSFT
1654864383826786667,1654864383826774885,0,2,7370,T,B,0,261100000000,7,130,11782,12643687,MSFT
1654864383828289486,1654864383828277429,0,2,7370,T,B,0,261100000000,7,0,12057,12643699,MSFT
1654864383828289486,1654864383828277429,0,2,7370,T,B,0,261100000000,67,130,12057,12643700,MSFT
1654864383873958662,1654864383873946657,0,2,7370,T,B,0,261100000000,25,130,12005,12644232,MSFT
1654864383874026626,1654864383874014846,0,2,7370,T,N,0,261280000000,1,130,11780,12644236,MSFT
1654864383874028846,1654864383874016140,0,2,7370,T,N,0,261280000000,1,0,12706,12644237,MSFT
1654864383874028846,1654864383874016607,0,2,7370,T,N,0,261280000000,1,130,12239,12644238,MSFT
1654864383876860253,1654864383876847395,0,2,7370,T,N,0,261280000000,56,0,12858,12644277,MSFT
1654864383876860253,1654864383876847395,0,2,7370,T,N,0,261300000000,64,130,12858,12644278,MSFT
1654864383963189259,1654864383963177493,0,2,7370,T,A,0,260700000000,1,130,11766,12644639,MSFT
1654864384539449773,1654864384539438379,0,2,7370,T,A,0,260810000000,1,130,11394,12647063,MSFT
1654864385073529466,1654864385073518027,0,2,7370,T,N,0,260890000000,5,130,11439,12652450,MSFT
1654864387848767690,1654864387848755189,0,2,7370,T,N,0,260830000000,6,0,12501,12677689,MSFT
1654864387848767690,1654864387848755189,0,2,7370,T,N,0,260820000000,11,130,12501,12677690,MSFT
1654864387849506601,1654864387849495211,0,2,7370,T,N,0,260820000000,18,130,11390,12677702,MSFT
1654864387871233001,1654864387871221475,0,2,7370,T,N,0,260820000000,3,130,11526,12678203,MSFT
1654864388514411345,1654864388514398596,0,2,7370,T,N,0,260820000000,1,130,12749,12683247,MSFT
1654864388624934002,1654864388624922456,0,2,7370,T,N,0,260820000000,1,130,11546,12685580,MSFT
1654864392135773718,1654864392135762213,0,2,7370,T,N,0,260810000000,5,130,11505,12706318,MSFT
1654864392137167729,1654864392137156357,0,2,7370,T,N,0,260810000000,5,130,11372,12706333,MSFT
1654864392145952090,1654864392145939559,0,2,7370,T,N,0,260810000000,5,130,12531,12706404,MSFT
1654864392146146282,1654864392146135148,0,2,7370,T,N,0,260810000000,5,130,11134,12706408,MSFT
1654864392146454617,1654864392146443254,0,2,7370,T,N,0,260810000000,5,130,11363,12706409,MSFT
1654864393020953148,1654864393020941378,0,2,7370,T,N,0,260810000000,5,128,11770,12710751,MSFT
1654864400081953860,1654864400081941594,0,2,7370,T,A,0,261000000000,80,0,12266,12761771,MSFT
1654864400081953860,1654864400081941594,0,2,7370,T,A,0,260820000000,27,130,12266,12761772,MSFT
1654864401326086580,1654864401326075186,0,2,7370,T,N,0,260810000000,107,130,11394,12769042,MSFT
1654864401785195738,1654864401785183842,0,2,7370,T,N,0,260810000000,107,130,11896,12771813,MSFT
1654864408475753545,1654864408475742184,0,2,7370,T,N,0,261230000000,5,130,11361,12809564,MSFT
1654864408476831153,1654864408476819919,0,2,7370,T,N,0,261230000000,5,130,11234,12809568,MSFT
1654864408560010857,1654864408559998374,0,2,7370,T,N,0,261230000000,28,128,12483,12810590,MSFT
1654864408831081025,1654864408831069445,0,2,7370,T,N,0,261490000000,25,130,11580,12813022,MSFT
1654864408831129200,1654864408831116645,0,2,7370,T,N,0,261490000000,75,0,12555,12813023,MSFT
1654864408831129200,1654864408831116645,0,2,7370,T,N,0,261540000000,25,130,12555,12813024,MSFT
1654864409447049938,1654864409447038442,0,2,7370,T,N,0,261190000000,5,130,11496,12818371,MSFT
1654864410560140654,1654864410560126237,0,2,7370,T,N,0,261250000000,25,0,14417,12824844,MSFT
1654864410560140654,1654864410560126237,0,2,7370,T,N,0,261060000000,14,0,14417,12824845,MSFT
1654864410560140654,1654864410560126237,0,2,7370,T,A,0,261040000000,61,130,14417,12824846,MSFT
1654864412094684138,1654864412094672655,0,2,7370,T,A,0,261320000000,5,130,11483,12835690,MSFT
1654864412095578096,1654864412095565861,0,2,7370,T,N,0,261300000000,20,130,12235,12835701,MSFT
1654864412096056684,1654864412096045298,0,2,7370,T,N,0,261300000000,5,130,11386,12835721,MSFT
1654864412096097677,1654864412096085209,0,2,7370,T,N,0,261300000000,45,130,12468,12835723,MSFT
1654864412100304067,1654864412100292438,0,2,7370,T,N,0,261010000000,20,130,11629,12835781,MSFT
1654864412100880809,1654864412100868708,0,2,7370,T,N,0,261010000000,25,130,12101,12835787,MSFT
1654864412108869582,1654864412108857933,0,2,7370,T,N,0,261010000000,116,130,11649,12835831,MSFT
1654864412108926631,1654864412108914271,0,2,7370,T,N,0,261010000000,5,130,12360,12835842,MSFT
1654864412127438999,1654864412127427772,0,2,7370,T,N,0,261010000000,9,130,11227,12835965,MSFT
1654864412139516189,1654864412139504922,0,2,7370,T,N,0,261010000000,68,130,11267,12836044,MSFT
1654864412909015864,1654864412909003019,0,2,7370,T,N,0,261130000000,9,0,12845,12838796,MSFT
1654864412909015864,1654864412909003019,0,2,7370,T,N,0,261110000000,11,130,12845,12838797,MSFT
1654864417841982044,1654864417841970211,0,2,7370,T,N,0,261010000000,15,130,11833,12869953,MSFT
1654864418842373788,1654864418842359969,0,2,7370,T,N,0,261130000000,9,0,13819,12877564,MSFT
1654864418842373788,1654864418842359969,0,2,7370,T,N,0,261010000000,85,0,13819,12877565,MSFT
1654864418842373788,1654864418842359969,0,2,7370,T,N,0,261010000000,6,130,13819,12877566,MSFT
1654864419787563867,1654864419787551995,0,2,7370,T,N,0,261010000000,7,130,11872,12890071,MSFT
1654864420379237040,1654864420379225387,0,2,7370,T,N,0,261010000000,5,130,11653,12894010,MSFT
1654864420380077786,1654864420380066411,0,2,7370,T,N,0,261010000000,5,130,11375,12894014,MSFT
1654864422274392232,1654864422274379328,0,2,7370,T,N,0,261120000000,10,0,12904,12904858,MSFT
1654864422274392232,1654864422274379328,0,2,7370,T,N,0,261090000000,40,130,12904,12904859,MSFT
1654864423390875600,1654864423390863182,0,2,7370,T,N,0,261100000000,5,130,12418,12911550,MSFT
1654864423392443314,1654864423392431677,0,2,7370,T,N,0,261010000000,5,130,11637,12911556,MSFT
1654864425769045524,1654864425769033086,0,2,7370,T,N,0,261110000000,10,0,12438,12920507,MSFT
1654864425769045524,1654864425769033086,0,2,7370,T,N,0,261010000000,40,130,12438,12920508,MSFT
1654864427715944685,1654864427715932331,0,2,7370,T,N,0,261200000000,5,130,12354,12930638,MSFT
1654864427716895714,1654864427716884543,0,2,7370,T,N,0,261200000000,5,130,11171,12930642,MSFT
1654864429022466957,1654864429022455186,0,2,7370,T,N,0,261200000000,6,130,11771,12936369,MSFT
1654864437560255244,1654864437560243448,0,2,7370,T,A,0,261300000000,5,130,11796,12980385,MSFT
1654864438644067488,1654864438644055883,0,2,7370,T,A,0,261300000000,30,130,11605,12987824,MSFT
1654864440684530198,1654864440684519216,0,2,7370,T,A,0,261300000000,7,130,10982,13004080,MSFT
1654864440684560090,1654864440684541176,0,2,7370,T,A,0,261300000000,8,0,18914,13004081,MSFT
1654864440684560090,1654864440684541176,0,2,7370,T,N,0,261150000000,34,0,18914,13004082,MSFT
1654864440684560090,1654864440684541176,0,2,7370,T,N,0,261060000000,10,0,18914,13004083,MSFT
1654864440684560090,1654864440684541176,0,2,7370,T,N,0,261010000000,45,0,18914,13004084,MSFT
1654864440684560090,1654864440684541176,0,2,7370,T,A,0,261000000000,3,130,18914,13004085,MSFT
1654864441548547506,1654864441548535911,0,2,7370,T,A,0,261000000000,100,130,11595,13012428,MSFT
1654864442369104571,1654864442369091514,0,2,7370,T,A,0,261000000000,7,130,13057,13018106,MSFT
1654864445273119524,1654864445273108061,0,2,7370,T,N,0,261010000000,5,130,11463,13035429,MSFT
1654864445440210402,1654864445440033748,0,2,7370,T,N,0,261010000000,5,128,176654,13036205,MSFT
1654864445805680081,1654864445805666024,0,2,7370,T,N,0,261300000000,200,0,14057,13038739,MSFT
1654864445805680081,1654864445805666024,0,2,7370,T,N,0,261390000000,66,0,14057,13038740,MSFT
1654864445805680081,1654864445805666024,0,2,7370,T,N,0,261490000000,34,130,14057,13038741,MSFT
1654864445805704936,1654864445805693225,0,2,7370,T,N,0,261500000000,10,130,11711,13038742,MSFT
1654864445805958673,1654864445805946776,0,2,7370,T,A,0,261500000000,300,130,11897,13038744,MSFT
1654864445806010596,1654864445805998433,0,2,7370,T,A,0,261500000000,3,130,12163,13038749,MSFT
1654864445806064367,1654864445806053193,0,2,7370,T,A,0,261500000000,2,130,11174,13038750,MSFT
1654864445806176684,1654864445806165832,0,2,7370,T,A,0,261500000000,3,130,10852,13038751,MSFT
1654864445806222304,1654864445806210516,0,2,7370,T,A,0,261500000000,292,0,11788,13038752,MSFT
1654864445806222304,1654864445806210516,0,2,7370,T,N,0,261500000000,8,130,11788,13038753,MSFT
1654864445806254573,1654864445806243581,0,2,7370,T,N,0,261500000000,66,130,10992,13038757,MSFT
1654864445806482896,1654864445806472033,0,2,7370,T,A,0,261500000000,300,130,10863,13038765,MSFT
1654864445806742630,1654864445806731423,0,2,7370,T,A,0,261500000000,100,130,11207,13038771,MSFT
1654864445806750766,1654864445806739369,0,2,7370,T,A,0,261500000000,50,130,11397,13038772,MSFT
1654864445806760244,1654864445806749508,0,2,7370,T,A,0,261500000000,50,130,10736,13038773,MSFT
1654864445810293368,1654864445810282104,0,2,7370,T,A,0,261500000000,34,130,11264,13038792,MSFT
1654864445822101771,1654864445822089736,0,2,7370,T,A,0,261500000000,45,130,12035,13038875,MSFT
1654864445858046039,1654864445858034989,0,2,7370,T,A,0,261500000000,8,130,11050,13039274,MSFT
1654864445889647990,1654864445889635690,0,2,7370,T,A,0,261500000000,13,0,12300,13039492,MSFT
1654864445889647990,1654864445889635690,0,2,7370,T,A,0,261500000000,187,130,12300,13039493,MSFT
1654864446340574719,1654864446340562958,0,2,7370,T,A,0,261500000000,1,130,11761,13043194,MSFT
1654864447079988315,1654864447079976502,0,2,7370,T,A,0,261500000000,107,130,11813,13049441,MSFT
1654864447271610073,1654864447271597548,0,2,7370,T,A,0,261500000000,5,0,12525,13052322,MSFT
1654864447271610073,1654864447271597548,0,2,7370,T,A,0,261500000000,195,130,12525,13052323,MSFT
1654864447393457777,1654864447393447024,0,2,7370,T,A,0,261500000000,50,130,10753,13053447,MSFT
1654864447393492251,1654864447393476244,0,2,7370,T,A,0,261500000000,34,128,16007,13053449,MSFT
1654864447523360468,1654864447523348179,0,2,7370,T,A,0,261500000000,21,0,12289,13054207,MSFT
1654864447523360468,1654864447523348179,0,2,7370,T,A,0,261500000000,29,130,12289,13054208,MSFT
1654864448023331522,1654864448023319778,0,2,7370,T,A,0,261500000000,100,130,11744,13058801,MSFT
1654864448274892084,1654864448274880718,0,2,7370,T,A,0,261500000000,100,130,11366,13060426,MSFT
1654864448274911910,1654864448274899720,0,2,7370,T,A,0,261500000000,71,0,12190,13060427,MSFT
1654864448274911910,1654864448274899720,0,2,7370,T,N,0,261500000000,29,130,12190,13060428,MSFT
1654864448798374779,1654864448798363221,0,2,7370,T,A,0,261500000000,107,130,11558,13065194,MSFT
1654864449173889510,1654864449173878066,0,2,7370,T,A,0,261500000000,30,130,11444,13068007,MSFT
1654864449371124312,1654864449371113068,0,2,7370,T,A,0,261500000000,50,130,11244,13069236,MSFT
1654864449371790312,1654864449371778979,0,2,7370,T,A,0,261500000000,113,130,11333,13069237,MSFT
1654864449820813179,1654864449820801666,0,2,7370,T,A,0,261500000000,107,130,11513,13071803,MSFT
1654864450008610941,1654864450008599500,0,2,7370,T,A,0,261500000000,50,130,11441,13072780,MSFT
1654864450310336932,1654864450310325543,0,2,7370,T,A,0,261500000000,100,130,11389,13074738,MSFT
1654864450950775891,1654864450950763836,0,2,7370,T,A,0,261500000000,43,0,12055,13078142,MSFT
1654864450950775891,1654864450950763836,0,2,7370,T,A,0,261500000000,57,130,12055,13078143,MSFT
1654864450959632895,1654864450959618968,0,2,7370,T,A,0,261500000000,10,130,13927,13078172,MSFT
1654864452711133755,1654864452711122443,0,2,7370,T,A,0,261300000000,40,130,11312,13095551,MSFT
1654864452771120905,1654864452771108294,0,2,7370,T,A,0,261300000000,10,128,12611,13095829,MSFT
1654864454362513206,1654864454362501662,0,2,7370,T,N,0,261130000000,2,130,11544,13106543,MSFT
1654864455257340706,1654864455257325815,0,2,7370,T,N,0,261130000000,2,0,14891,13111396,MSFT
1654864455257340706,1654864455257325815,0,2,7370,T,N,0,261010000000,100,0,14891,13111397,MSFT
1654864455257340706,1654864455257325815,0,2,7370,T,A,0,261000000000,598,130,14891,13111398,MSFT
1654864456887010969,1654864456886999284,0,2,7370,T,N,0,261250000000,5,130,11685,13121659,MSFT
1654864463840103052,1654864463840091048,0,2,7370,T,N,0,261130000000,4,130,12004,13173241,MSFT
1654864464528728470,1654864464528716249,0,2,7370,T,N,0,261040000000,50,130,12221,13178053,MSFT
1654864464633542552,1654864464633531311,0,2,7370,T,N,0,261040000000,20,130,11241,13178320,MSFT
1654864464640375658,1654864464640361544,0,2,7370,T,N,0,261040000000,30,0,14114,13178331,MSFT
1654864464640375658,1654864464640361544,0,2,7370,T,N,0,261010000000,69,0,14114,13178332,MSFT
1654864464640375658,1654864464640361544,0,2,7370,T,A,0,261000000000,1,130,14114,13178333,MSFT
1654864465482951812,1654864465482940526,0,2,7370,T,A,0,261000000000,584,130,11286,13183663,MSFT
1654864465493711508,1654864465493700493,0,2,7370,T,A,0,261000000000,58,130,11015,13183689,MSFT
1654864465530967742,1654864465530956992,0,2,7370,T,A,0,261000000000,149,130,10750,13183750,MSFT
1654864465531508363,1654864465531497123,0,2,7370,T,A,0,260900000000,7,130,11240,13183761,MSFT
1654864466883069820,1654864466883057381,0,2,7370,T,A,0,260900000000,93,0,12439,13194247,MSFT
1654864466883069820,1654864466883057381,0,2,7370,T,N,0,260760000000,7,130,12439,13194248,MSFT
1654864466883085854,1654864466883074343,0,2,7370,T,N,0,260760000000,1,130,11511,13194249,MSFT
1654864466883118063,1654864466883106040,0,2,7370,T,A,0,260750000000,5,130,12023,13194255,MSFT
1654864476233833521,1654864476233820509,0,2,7370,T,A,0,260600000000,3,0,13012,13260970,MSFT
1654864476233833521,1654864476233820509,0,2,7370,T,A,0,260600000000,1,130,13012,13260971,MSFT
1654864478080651313,1654864478080639920,0,2,7370,T,N,0,260610000000,13,130,11393,13282542,MSFT
1654864479070276625,1654864479070264321,0,2,7370,T,N,0,260700000000,5,128,12304,13294388,MSFT
1654864485065325491,1654864485065313684,0,2,7370,T,N,0,260990000000,2,130,11807,13333107,MSFT
1654864485527048610,1654864485527037086,0,2,7370,T,N,0,260700000000,5,130,11524,13338671,MSFT
1654864487524550996,1654864487524539915,0,2,7370,T,A,0,260780000000,1,130,11081,13352243,MSFT
1654864489829742670,1654864489829731590,0,2,7370,T,N,0,260810000000,100,130,11080,13368420,MSFT
1654864489832201041,1654864489832189304,0,2,7370,T,N,0,260810000000,74,130,11737,13368425,MSFT
1654864489834036067,1654864489834023579,0,2,7370,T,N,0,260660000000,5,0,12488,13368429,MSFT
1654864489834036067,1654864489834023579,0,2,7370,T,N,0,260620000000,95,130,12488,13368430,MSFT
1654864489834099046,1654864489834087365,0,2,7370,T,N,0,260620000000,5,130,11681,13368432,MSFT
1654864492302085079,1654864492302073890,0,2,7370,T,N,0,260560000000,4,130,11189,13389353,MSFT
1654864493867377042,1654864493867365726,0,2,7370,T,N,0,260560000000,4,130,11316,13397052,MSFT
1654864498317486114,1654864498317474871,0,2,7370,T,N,0,260560000000,40,130,11243,13419972,MSFT
1654864498645189948,1654864498645177997,0,2,7370,T,B,0,260700000000,2,130,11951,13422959,MSFT
1654864503361701525,1654864503361689356,0,2,7370,T,N,0,260420000000,2,0,12169,13457783,MSFT
1654864503361701525,1654864503361689356,0,2,7370,T,N,0,260410000000,7,130,12169,13457784,MSFT
1654864503362473592,1654864503362461775,0,2,7370,T,A,0,260400000000,8,130,11817,13457788,MSFT
1654864503882941380,1654864503882930261,0,2,7370,T,A,0,260400000000,110,130,11119,13460199,MSFT
1654864503932461343,1654864503932449640,0,2,7370,T,A,0,260400000000,82,130,11703,13460364,MSFT
1654864503934016294,1654864503934005004,0,2,7370,T,A,0,260300000000,138,130,11290,13460414,MSFT
1654864503996220633,1654864503996207896,0,2,7370,T,A,0,260300000000,330,130,12737,13461062,MSFT
1654864504076203823,1654864504076192305,0,2,7370,T,A,0,260300000000,110,130,11518,13461866,MSFT
1654864504076801843,1654864504076790706,0,2,7370,T,A,0,260300000000,422,130,11137,13461873,MSFT
1654864504451521307,1654864504451508917,0,2,7370,T,A,0,260260000000,50,130,12390,13464979,MSFT
1654864506508902601,1654864506508890549,0,2,7370,T,N,0,260240000000,4,130,12052,13476824,MSFT
1654864524750460699,1654864524750448229,0,2,7370,T,N,0,260400000000,2,0,12470,13598316,MSFT
1654864524750460699,1654864524750448229,0,2,7370,T,N,0,260360000000,14,130,12470,13598317,MSFT
1654864528958005301,1654864528957993813,0,2,7370,T,B,0,260600000000,100,130,11488,13623709,MSFT
1654864528958035662,1654864528958024387,0,2,7370,T,N,0,260580000000,75,130,11275,13623713,MSFT
1654864528958200253,1654864528958187705,0,2,7370,T,N,0,260580000000,14,130,12548,13623714,MSFT
1654864529607559375,1654864529607546748,0,2,7370,T,N,0,260510000000,100,0,12627,13628951,MSFT
1654864529607559375,1654864529607546748,0,2,7370,T,N,0,260480000000,100,130,12627,13628952,MSFT
1654864529609860397,1654864529609847202,0,2,7370,T,N,0,260500000000,100,0,13195,13628961,MSFT
1654864529609860397,1654864529609847202,0,2,7370,T,A,0,260490000000,1,0,13195,13628962,MSFT
1654864529609860397,1654864529609847202,0,2,7370,T,N,0,260450000000,99,130,13195,13628963,MSFT
1654864529618977531,1654864529618965147,0,2,7370,T,N,0,260450000000,1,0,12384,13629194,MSFT
1654864529618977531,1654864529618965147,0,2,7370,T,N,0,260450000000,75,130,12384,13629195,MSFT
1654864529634063802,1654864529634050901,0,2,7370,T,N,0,260450000000,25,0,12901,13629572,MSFT
1654864529634063802,1654864529634050901,0,2,7370,T,N,0,260430000000,75,130,12901,13629573,MSFT
1654864534027541659,1654864534027530218,0,2,7370,T,N,0,260570000000,6,130,11441,13659279,MSFT
1654864542567692451,1654864542567680860,0,2,7370,T,N,0,260510000000,10,130,11591,13715133,MSFT
1654864550316257141,1654864550316245782,0,2,7370,T,N,0,260510000000,15,130,11359,13752567,MSFT
1654864550316365450,1654864550316353102,0,2,7370,T,N,0,260510000000,5,130,12348,13752569,MSFT
1654864550316506654,1654864550316494987,0,2,7370,T,N,0,260510000000,5,130,11667,13752571,MSFT
1654864552569201394,1654864552569181405,0,2,7370,T,N,0,260720000000,100,0,19989,13761983,MSFT
1654864552569201394,1654864552569181405,0,2,7370,T,B,0,260830000000,5,0,19989,13761984,MSFT
1654864552569201394,1654864552569181405,0,2,7370,T,B,0,261000000000,5,0,19989,13761985,MSFT
1654864552569201394,1654864552569181405,0,2,7370,T,N,0,261000000000,50,0,19989,13761986,MSFT
1654864552569201394,1654864552569181405,0,2,7370,T,N,0,261000000000,50,0,19989,13761987,MSFT
1654864552569201394,1654864552569181405,0,2,7370,T,N,0,261000000000,20,130,19989,13761988,MSFT
1654864552664933457,1654864552664922135,0,2,7370,T,A,0,261000000000,25,130,11322,13762528,MSFT
1654864552664973817,1654864552664962775,0,2,7370,T,A,0,261000000000,2,130,11042,13762529,MSFT
1654864553658117927,1654864553658106456,0,2,7370,T,A,0,261000000000,16,130,11471,13768770,MSFT
1654864553658733196,1654864553658721436,0,2,7370,T,A,0,261000000000,257,130,11760,13768774,MSFT
1654864553659108191,1654864553659096505,0,2,7370,T,A,0,261000000000,20,130,11686,13768778,MSFT
1654864553928303331,1654864553928290720,0,2,7370,T,A,0,261000000000,30,130,12611,13770350,MSFT
1654864553928352206,1654864553928341145,0,2,7370,T,A,0,261000000000,5,130,11061,13770352,MSFT
1654864554107186093,1654864554107174869,0,2,7370,T,A,0,261000000000,5,130,11224,13770954,MSFT
1654864554813754834,1654864554813743371,0,2,7370,T,A,0,261000000000,200,130,11463,13772545,MSFT
1654864554864924483,1654864554864910412,0,2,7370,T,B,0,261010000000,1,128,14071,13772839,MSFT
1654864554972640849,1654864554972629570,0,2,7370,T,A,0,261000000000,15,130,11279,13775211,MSFT
1654864555538995765,1654864555538983080,0,2,7370,T,A,0,261000000000,25,0,12685,13778566,MSFT
1654864555538995765,1654864555538983080,0,2,7370,T,A,0,261000000000,7,130,12685,13778567,MSFT
1654864566455074496,1654864566455062653,0,2,7370,T,A,0,261050000000,4,130,11843,13846304,MSFT
1654864568873803682,1654864568873792275,0,2,7370,T,A,0,261010000000,12,130,11407,13863617,MSFT
1654864568965313985,1654864568965300424,0,2,7370,T,A,0,261010000000,2,0,13561,13864075,MSFT
1654864568965313985,1654864568965300424,0,2,7370,T,N,0,261010000000,108,130,13561,13864076,MSFT
1654864569017723999,1654864569017710942,0,2,7370,T,N,0,261010000000,45,0,13057,13864357,MSFT
1654864569017723999,1654864569017710942,0,2,7370,T,A,0,261000000000,175,130,13057,13864358,MSFT
1654864569950826853,1654864569950815276,0,2,7370,T,A,0,261000000000,110,130,11577,13868861,MSFT
1654864570003819301,1654864570003804928,0,2,7370,T,A,0,261000000000,8,0,14373,13868981,MSFT
1654864570003819301,1654864570003804928,0,2,7370,T,A,0,261000000000,1,0,14373,13868982,MSFT
1654864570003819301,1654864570003804928,0,2,7370,T,A,0,261000000000,101,130,14373,13868983,MSFT
1654864579323823459,1654864579323812326,0,2,7370,T,B,0,261250000000,8,130,11133,13923784,MSFT
1654864582009462617,1654864582009450854,0,2,7370,T,N,0,261300000000,10,130,11763,13946544,MSFT
1654864582011867888,1654864582011856397,0,2,7370,T,N,0,261300000000,5,130,11491,13946599,MSFT
1654864582012498974,1654864582012487596,0,2,7370,T,N,0,261300000000,5,130,11378,13946612,MSFT
1654864582030999690,1654864582030988037,0,2,7370,T,N,0,261300000000,1,130,11653,13947068,MSFT
1654864582453346654,1654864582453334141,0,2,7370,T,N,0,261300000000,29,0,12513,13951002,MSFT
1654864582453346654,1654864582453334141,0,2,7370,T,A,0,261170000000,80,130,12513,13951003,MSFT
1654864582466127388,1654864582466113886,0,2,7370,T,A,0,261130000000,30,128,13502,13951209,MSFT
1654864582483188010,1654864582483175915,0,2,7370,T,A,0,261130000000,5,130,12095,13951276,MSFT
1654864582578779652,1654864582578768284,0,2,7370,T,A,0,261130000000,1,130,11368,13951665,MSFT
1654864583002550974,1654864583002539444,0,2,7370,T,A,0,261020000000,1,130,11530,13953725,MSFT
1654864585444757871,1654864585444746311,0,2,7370,T,N,0,261280000000,100,130,11560,13973613,MSFT
1654864595051569007,1654864595051557562,0,2,7370,T,B,0,261200000000,26,130,11445,14036099,MSFT
1654864597020328179,1654864597020316430,0,2,7370,T,N,0,261470000000,7,130,11749,14047780,MSFT
1654864597020588241,1654864597020576384,0,2,7370,T,N,0,261470000000,12,130,11857,14047782,MSFT
1654864597020666852,1654864597020655074,0,2,7370,T,N,0,261470000000,11,130,11778,14047784,MSFT
1654864597513855122,1654864597513843515,0,2,7370,T,N,0,261260000000,1,130,11607,14051658,MSFT
1654864599071578294,1654864599071564442,0,2,7370,T,N,0,261470000000,20,0,13852,14058560,MSFT
1654864599071578294,1654864599071564442,0,2,7370,T,B,0,261500000000,30,128,13852,14058561,MSFT
1654864604024480074,1654864604024468585,0,2,7370,T,N,0,261260000000,100,130,11489,14092119,MSFT
1654864604070414558,1654864604070403009,0,2,7370,T,N,0,261260000000,10,130,11549,14092314,MSFT
1654864604070906899,1654864604070895864,0,2,7370,T,N,0,261260000000,2,130,11035,14092317,MSFT
1654864604930902287,1654864604930887977,0,2,7370,T,N,0,261110000000,5,0,14310,14097806,MSFT
1654864604930902287,1654864604930887977,0,2,7370,T,N,0,261040000000,50,0,14310,14097807,MSFT
1654864604930902287,1654864604930887977,0,2,7370,T,N,0,261010000000,50,130,14310,14097808,MSFT
1654864604962497979,1654864604962486071,0,2,7370,T,A,0,261000000000,110,130,11908,14097939,MSFT
1654864605838766612,1654864605838751955,0,2,7370,T,A,0,261130000000,2,0,14657,14104952,MSFT
1654864605838766612,1654864605838751955,0,2,7370,T,N,0,261010000000,50,0,14657,14104953,MSFT
1654864605838766612,1654864605838751955,0,2,7370,T,N,0,261010000000,20,0,14657,14104954,MSFT
1654864605838766612,1654864605838751955,0,2,7370,T,N,0,261010000000,28,130,14657,14104955,MSFT
1654864612379820376,1654864612379805815,0,2,7370,T,B,0,261460000000,14,0,14561,14134607,MSFT
1654864612379820376,1654864612379805815,0,2,7370,T,N,0,261490000000,50,0,14561,14134608,MSFT
1654864612379820376,1654864612379805815,0,2,7370,T,B,0,261500000000,70,130,14561,14134609,MSFT
1654864615559779942,1654864615559768537,0,2,7370,T,A,0,261500000000,2,130,11405,14148457,MSFT
1654864616858298189,1654864616858286420,0,2,7370,T,N,0,261370000000,1,130,11769,14152943,MSFT
1654864619060229837,1654864619060218075,0,2,7370,T,A,0,261500000000,3,130,11762,14163255,MSFT
1654864620519723989,1654864620519710815,0,2,7370,T,A,0,261500000000,197,0,13174,14170299,MSFT
1654864620519723989,1654864620519710815,0,2,7370,T,A,0,261500000000,3,130,13174,14170300,MSFT
1654864622973729200,1654864622973717850,0,2,7370,T,A,0,261500000000,27,130,11350,14181710,MSFT
1654864624238349184,1654864624238335810,0,2,7370,T,A,0,261500000000,79,0,13374,14188227,MSFT
1654864624448072172,1654864624448060665,0,2,7370,T,B,0,261500000000,1,130,11507,14190165,MSFT
1654864624448444053,1654864624448432516,0,2,7370,T,B,0,261500000000,20,130,11537,14190169,MSFT
1654864626183938771,1654864626183925560,0,2,7370,T,N,0,261320000000,21,0,13211,14198683,MSFT
1654864626183938771,1654864626183925560,0,2,7370,T,N,0,261390000000,79,130,13211,14198684,MSFT
1654864626186691649,1654864626186679775,0,2,7370,T,B,0,261500000000,100,130,11874,14198693,MSFT
1654864630562815114,1654864630562803356,0,2,7370,T,A,0,261500000000,2,130,11758,14222999,MSFT
1654864636419091597,1654864636419080289,0,2,7370,T,N,0,261630000000,9,130,11308,14261657,MSFT
1654864639296062275,1654864639296049322,0,2,7370,T,N,0,261690000000,170,0,12953,14278141,MSFT
1654864639296062275,1654864639296049322,0,2,7370,T,A,0,261620000000,30,130,12953,14278142,MSFT
1654864639296713843,1654864639296699384,0,2,7370,T,A,0,261620000000,114,0,14459,14278170,MSFT
1654864639296713843,1654864639296699384,0,2,7370,T,N,0,261620000000,1,0,14459,14278171,MSFT
1654864639296713843,1654864639296699384,0,2,7370,T,N,0,261620000000,1,0,14459,14278172,MSFT
1654864639296713843,1654864639296699384,0,2,7370,T,N,0,261620000000,1,130,14459,14278173,MSFT
1654864639313715234,1654864639313702591,0,2,7370,T,N,0,261520000000,30,0,12643,14278244,MSFT
1654864639313715234,1654864639313702591,0,2,7370,T,N,0,261520000000,24,130,12643,14278245,MSFT
1654864640130451172,1654864640130439411,0,2,7370,T,N,0,261520000000,4,130,11761,14283074,MSFT
1654864642527250424,1654864642527238860,0,2,7370,T,N,0,261740000000,200,130,11564,14301012,MSFT
1654864644678856953,1654864644678840839,0,2,7370,T,N,0,261870000000,1,0,16114,14312891,MSFT
1654864644678856953,1654864644678840839,0,2,7370,T,N,0,261870000000,1,0,16114,14312892,MSFT
1654864644678856953,1654864644678840839,0,2,7370,T,N,0,261870000000,1,0,16114,14312893,MSFT
1654864644678856953,1654864644678840839,0,2,7370,T,N,0,261880000000,1,0,16114,14312894,MSFT
1654864644678856953,1654864644678840839,0,2,7370,T,B,0,262000000000,96,130,16114,14312895,MSFT
1654864651740400455,1654864651740382869,0,2,7370,T,N,0,261980000000,200,0,17586,14359837,MSFT
1654864651740400455,1654864651740382869,0,2,7370,T,N,0,261980000000,10,0,17586,14359838,MSFT
1654864651740400455,1654864651740382869,0,2,7370,T,B,0,262000000000,4,0,17586,14359839,MSFT
1654864651740400455,1654864651740382869,0,2,7370,T,B,0,262000000000,50,0,17586,14359840,MSFT
1654864651740400455,1654864651740382869,0,2,7370,T,N,0,262000000000,1,0,17586,14359841,MSFT
1654864651740400455,1654864651740382869,0,2,7370,T,N,0,262000000000,1,0,17586,14359842,MSFT
1654864651740400455,1654864651740382869,0,2,7370,T,N,0,262000000000,1,130,17586,14359843,MSFT
1654864651740550443,1654864651740539059,0,2,7370,T,N,0,262040000000,1,130,11384,14359850,MSFT
1654864651740551881,1654864651740540487,0,2,7370,T,N,0,262040000000,1,130,11394,14359851,MSFT
1654864651740554139,1654864651740541958,0,2,7370,T,N,0,262040000000,1,130,12181,14359852,MSFT
1654864652391022719,1654864652391010433,0,2,7370,T,A,0,261930000000,5,130,12286,14364487,MSFT
1654864654223043091,1654864654223031342,0,2,7370,T,A,0,261860000000,100,130,11749,14374048,MSFT
1654864656019656702,1654864656019643790,0,2,7370,T,N,0,261820000000,20,0,12912,14384508,MSFT
1654864656019656702,1654864656019643790,0,2,7370,T,A,0,261810000000,80,130,12912,14384509,MSFT
1654864660190704636,1654864660190693027,0,2,7370,T,A,0,262000000000,30,130,11609,14404012,MSFT
1654864667539856314,1654864667539844228,0,2,7370,T,A,0,262010000000,2,130,12086,14439352,MSFT
1654864670219989463,1654864670219976987,0,2,7370,T,N,0,261700000000,20,0,12476,14449546,MSFT
1654864670219989463,1654864670219976987,0,2,7370,T,N,0,261660000000,30,130,12476,14449547,MSFT
1654864679544307000,1654864679544293869,0,2,7370,T,N,0,261900000000,92,0,13131,14500932,MSFT
1654864679544307000,1654864679544293869,0,2,7370,T,A,0,261800000000,15,130,13131,14500933,MSFT
1654864679600593626,1654864679600581577,0,2,7370,T,A,0,261800000000,5,130,12049,14501351,MSFT
1654864687182275451,1654864687182263472,0,2,7370,T,N,0,261810000000,3,0,11979,14529165,MSFT
1654864687182275451,1654864687182263472,0,2,7370,T,A,0,261800000000,17,130,11979,14529166,MSFT
1654864687253813706,1654864687253801462,0,2,7370,T,A,0,261870000000,3,0,12244,14529645,MSFT
1654864687253813706,1654864687253801462,0,2,7370,T,A,0,261870000000,6,130,12244,14529646,MSFT
1654864687255215980,1654864687255202545,0,2,7370,T,A,0,261800000000,43,128,13435,14529664,MSFT
1654864692147419609,1654864692147407616,0,2,7370,T,A,0,261890000000,2,130,11993,14550055,MSFT
1654864694468290105,1654864694468278189,0,2,7370,T,N,0,261820000000,3,130,11916,14561320,MSFT
1654864694469325661,1654864694469313893,0,2,7370,T,N,0,261780000000,8,130,11768,14561323,MSFT
1654864698408855915,1654864698408844373,0,2,7370,T,A,0,261770000000,25,130,11542,14573914,MSFT
1654864698416418552,1654864698416405713,0,2,7370,T,N,0,261820000000,3,0,12839,14573944,MSFT
1654864698416418552,1654864698416405713,0,2,7370,T,A,0,261770000000,89,130,12839,14573945,MSFT
1654864698418303832,1654864698418291973,0,2,7370,T,A,0,261760000000,14,130,11859,14573982,MSFT
1654864698897832497,1654864698897819997,0,2,7370,T,A,0,261760000000,25,130,12500,14575884,MSFT
1654864699463165730,1654864699463154035,0,2,7370,T,A,0,261770000000,30,130,11695,14577039,MSFT
1654864699539714254,1654864699539702655,0,2,7370,T,A,0,261770000000,50,130,11599,14577577,MSFT
1654864699948452278,1654864699948440679,0,2,7370,T,A,0,261770000000,10,130,11599,14580497,MSFT
1654864699983914934,1654864699983903128,0,2,7370,T,A,0,261770000000,24,130,11806,14580673,MSFT
1654864700202770769,1654864700202758736,0,2,7370,T,A,0,261540000000,1,130,12033,14583172,MSFT
1654864700205224476,1654864700205211638,0,2,7370,T,A,0,261510000000,167,128,12838,14583205,MSFT
1654864700273540832,1654864700273529501,0,2,7370,T,A,0,261510000000,25,130,11331,14583553,MSFT
1654864700274115249,1654864700274103587,0,2,7370,T,A,0,261510000000,99,130,11662,14583554,MSFT
1654864700450742535,1654864700450729479,0,2,7370,T,A,0,261540000000,2,0,13056,14584380,MSFT
1654864700450742535,1654864700450729479,0,2,7370,T,A,0,261510000000,209,130,13056,14584381,MSFT
1654864700636014431,1654864700636002120,0,2,7370,T,N,0,261610000000,2,0,12311,14585171,MSFT
1654864700636014431,1654864700636002120,0,2,7370,T,A,0,261510000000,3,130,12311,14585172,MSFT
1654864700905628338,1654864700905612753,0,2,7370,T,A,0,261500000000,200,0,15585,14586788,MSFT
1654864700905628338,1654864700905612753,0,2,7370,T,A,0,261500000000,2,0,15585,14586789,MSFT
1654864700905628338,1654864700905612753,0,2,7370,T,A,0,261500000000,2,0,15585,14586790,MSFT
1654864700905628338,1654864700905612753,0,2,7370,T,A,0,261500000000,4,130,15585,14586791,MSFT
1654864705555015005,1654864705555003811,0,2,7370,T,A,0,261510000000,1,130,11194,14610942,MSFT
1654864709416402094,1654864709416390517,0,2,7370,T,A,0,261510000000,13,130,11577,14631103,MSFT
1654864711524745687,1654864711524732187,0,2,7370,T,A,0,261280000000,4,0,13500,14639325,MSFT
1654864711524745687,1654864711524732187,0,2,7370,T,N,0,261250000000,100,130,13500,14639326,MSFT
1654864719179936118,1654864719179922432,0,2,7370,T,N,0,261130000000,19,0,13686,14676422,MSFT
1654864719179936118,1654864719179922432,0,2,7370,T,N,0,261100000000,81,130,13686,14676423,MSFT
1654864720593750685,1654864720593739114,0,2,7370,T,N,0,261140000000,80,130,11571,14682866,MSFT
1654864722386644914,1654864722386633315,0,2,7370,T,A,0,261130000000,4,130,11599,14690352,MSFT
1654864742427146203,1654864742427132900,0,2,7370,T,N,0,261130000000,4,0,13303,14804641,MSFT
1654864742427146203,1654864742427132900,0,2,7370,T,N,0,261120000000,3,130,13303,14804642,MSFT
1654864748768278524,1654864748768265244,0,2,7370,T,N,0,261420000000,200,0,13280,14838540,MSFT
1654864748768278524,1654864748768265244,0,2,7370,T,N,0,261450000000,13,0,13280,14838541,MSFT
1654864748768278524,1654864748768265244,0,2,7370,T,N,0,261460000000,17,130,13280,14838542,MSFT
1654864748768877901,1654864748768865621,0,2,7370,T,N,0,261460000000,100,130,12280,14838547,MSFT
1654864751587629772,1654864751587615558,0,2,7370,T,N,0,261460000000,3,0,14214,14857981,MSFT
1654864751587629772,1654864751587615558,0,2,7370,T,N,0,261460000000,27,0,14214,14857982,MSFT
1654864751587629772,1654864751587615558,0,2,7370,T,B,0,261490000000,20,130,14214,14857983,MSFT
1654864755428965114,1654864755428952414,0,2,7370,T,A,0,261250000000,1,0,12700,14878407,MSFT
1654864755428965114,1654864755428952414,0,2,7370,T,A,0,261250000000,2,130,12700,14878408,MSFT
1654864756892371878,1654864756892359382,0,2,7370,T,A,0,261200000000,100,0,12496,14890131,MSFT
1654864756892371878,1654864756892359382,0,2,7370,T,N,0,261200000000,400,130,12496,14890132,MSFT
1654864757971898347,1654864757971886619,0,2,7370,T,N,0,261150000000,5,130,11728,14892939,MSFT
1654864762496358878,1654864762496347523,0,2,7370,T,N,0,261200000000,2,130,11355,14913845,MSFT
1654864762497822917,1654864762497811318,0,2,7370,T,N,0,261120000000,3,130,11599,14913867,MSFT
1654864765573770873,1654864765573757312,0,2,7370,T,N,0,261260000000,2,0,13561,14923937,MSFT
1654864765573770873,1654864765573757312,0,2,7370,T,A,0,261220000000,18,0,13561,14923938,MSFT
1654864765573770873,1654864765573757312,0,2,7370,T,A,0,261200000000,78,130,13561,14923939,MSFT
1654864765771006599,1654864765770994471,0,2,7370,T,A,0,261200000000,22,130,12128,14924162,MSFT
1654864765771043553,1654864765771028331,0,2,7370,T,N,0,261120000000,44,0,15222,14924171,MSFT
1654864765771043553,1654864765771028331,0,2,7370,T,N,0,261120000000,19,0,15222,14924172,MSFT
1654864765771043553,1654864765771028331,0,2,7370,T,N,0,261110000000,1,0,15222,14924173,MSFT
1654864765771043553,1654864765771028331,0,2,7370,T,N,0,261110000000,24,130,15222,14924174,MSFT
1654864767329602107,1654864767329590798,0,2,7370,T,N,0,261210000000,100,130,11309,14932074,MSFT
1654864767329660192,1654864767329648846,0,2,7370,T,A,0,261200000000,15,130,11346,14932076,MSFT
1654864771238327637,1654864771238313385,0,2,7370,T,N,0,261250000000,2,0,14252,14951060,MSFT
1654864771238327637,1654864771238313385,0,2,7370,T,N,0,261210000000,20,0,14252,14951061,MSFT
1654864771238327637,1654864771238313385,0,2,7370,T,A,0,261200000000,83,128,14252,14951062,MSFT
1654864771238425932,1654864771238414368,0,2,7370,T,A,0,261200000000,2,130,11564,14951074,MSFT
1654864773029243059,1654864773029228622,0,2,7370,T,N,0,261110000000,50,0,14437,14962925,MSFT
1654864773029243059,1654864773029228622,0,2,7370,T,N,0,261110000000,20,0,14437,14962926,MSFT
1654864773029243059,1654864773029228622,0,2,7370,T,N,0,261110000000,20,0,14437,14962927,MSFT
1654864773029243059,1654864773029228622,0,2,7370,T,N,0,261110000000,15,130,14437,14962928,MSFT
1654864773029348149,1654864773029336894,0,2,7370,T,N,0,261110000000,5,130,11255,14962941,MSFT
1654864773209906540,1654864773209894351,0,2,7370,T,N,0,261110000000,30,0,12189,14964646,MSFT
1654864773209906540,1654864773209894351,0,2,7370,T,A,0,261100000000,45,130,12189,14964647,MSFT
1654864773209978118,1654864773209966853,0,2,7370,T,A,0,261100000000,5,130,11265,14964658,MSFT
1654864777303757160,1654864777303744378,0,2,7370,T,N,0,261240000000,2,0,12782,14983748,MSFT
1654864777303757160,1654864777303744378,0,2,7370,T,A,0,261200000000,3,130,12782,14983749,MSFT
1654864778204961031,1654864778204948222,0,2,7370,T,A,0,261200000000,97,130,12809,14988811,MSFT
1654864778205006755,1654864778204995430,0,2,7370,T,A,0,261120000000,12,130,11325,14988822,MSFT
1654864778205381162,1654864778205369962,0,2,7370,T,A,0,261220000000,2,130,11200,14988831,MSFT
1654864783618298433,1654864783618287222,0,2,7370,T,A,0,261120000000,21,130,11211,15009331,MSFT
1654864786280819609,1654864786280804879,0,2,7370,T,N,0,261170000000,20,0,14730,15015673,MSFT
1654864786280819609,1654864786280804879,0,2,7370,T,B,0,261200000000,5,128,14730,15015674,MSFT
1654864786281194165,1654864786281182633,0,2,7370,T,B,0,261200000000,20,130,11532,15015691,MSFT
1654864787844243273,1654864787844230036,0,2,7370,T,A,0,261200000000,10,130,13237,15023825,MSFT
1654864787844310790,1654864787844299371,0,2,7370,T,A,0,261120000000,54,130,11419,15023829,MSFT
1654864788339745827,1654864788339730404,0,2,7370,T,N,0,261130000000,3,0,15423,15026225,MSFT
1654864788339745827,1654864788339730404,0,2,7370,T,A,0,261120000000,13,0,15423,15026226,MSFT
1654864788339745827,1654864788339730404,0,2,7370,T,N,0,261110000000,47,130,15423,15026227,MSFT
1654864789858715780,1654864789858704364,0,2,7370,T,A,0,261100000000,50,130,11416,15035543,MSFT
1654864801668026722,1654864801668014835,0,2,7370,T,A,0,261280000000,1,0,11887,15095366,MSFT
1654864801668026722,1654864801668014835,0,2,7370,T,A,0,261280000000,2,130,11887,15095367,MSFT
1654864801668081872,1654864801668069798,0,2,7370,T,N,0,261230000000,3,0,12074,15095370,MSFT
1654864801668081872,1654864801668069798,0,2,7370,T,A,0,261220000000,6,130,12074,15095371,MSFT
1654864801668243110,1654864801668230805,0,2,7370,T,A,0,261220000000,31,130,12305,15095374,MSFT
1654864802707877315,1654864802707864206,0,2,7370,T,N,0,261300000000,3,0,13109,15101741,MSFT
1654864803924001492,1654864803923987361,0,2,7370,T,N,0,261400000000,1,0,14131,15105970,MSFT
1654864803924001492,1654864803923987361,0,2,7370,T,B,0,261450000000,40,0,14131,15105971,MSFT
1654864803924001492,1654864803923987361,0,2,7370,T,N,0,261470000000,13,130,14131,15105972,MSFT
1654864804285376071,1654864804285364403,0,2,7370,T,N,0,261230000000,6,0,11668,15108239,MSFT
1654864804285402633,1654864804285390373,0,2,7370,T,B,0,261170000000,5,130,12260,15108241,MSFT
1654864804285428017,1654864804285417229,0,2,7370,T,B,0,261170000000,5,130,10788,15108242,MSFT
1654864804285605594,1654864804285593553,0,2,7370,T,B,0,261170000000,4,130,12041,15108244,MSFT
1654864804633294872,1654864804633283517,0,2,7370,T,N,0,261450000000,1,130,11355,15109375,MSFT
1654864805506897017,1654864805506885290,0,2,7370,T,A,0,261300000000,5,130,11727,15112522,MSFT
1654864807588881753,1654864807588867960,0,2,7370,T,N,0,261450000000,99,0,13793,15121939,MSFT
1654864807588881753,1654864807588867960,0,2,7370,T,B,0,261480000000,100,130,13793,15121940,MSFT
1654864807591315552,1654864807591304027,0,2,7370,T,N,0,261480000000,20,130,11525,15121951,MSFT
1654864807612206213,1654864807612193646,0,2,7370,T,A,0,261480000000,15,130,12567,15122119,MSFT
1654864807612277328,1654864807612265971,0,2,7370,T,A,0,261480000000,5,130,11357,15122125,MSFT
1654864807811256989,1654864807811244121,0,2,7370,T,B,0,261500000000,100,130,12868,15123239,MSFT
1654864817352208845,1654864817352196691,0,2,7370,T,N,0,261300000000,2,130,12154,15162230,MSFT
1654864818057729803,1654864818057717784,0,2,7370,T,N,0,261300000000,48,130,12019,15164077,MSFT
1654864822651262819,1654864822651251912,0,2,7370,T,N,0,261330000000,2,130,10907,15184559,MSFT
1654864824871600605,1654864824871588055,0,2,7370,T,A,0,261460000000,22,130,12550,15198377,MSFT
1654864824871932104,1654864824871920896,0,2,7370,T,A,0,261460000000,20,130,11208,15198378,MSFT
1654864825714180655,1654864825714169199,0,2,7370,T,A,0,261460000000,5,130,11456,15201882,MSFT
1654864826300375789,1654864826300363802,0,2,7370,T,B,0,261500000000,1,130,11987,15204094,MSFT
1654864827566897466,1654864827566884502,0,2,7370,T,B,0,261500000000,4,0,12964,15208529,MSFT
1654864827566897466,1654864827566884502,0,2,7370,T,B,0,261500000000,6,130,12964,15208530,MSFT
1654864838984797284,1654864838984785540,0,2,7370,T,N,0,261470000000,100,130,11744,15264499,MSFT
1654864843477278120,1654864843477266380,0,2,7370,T,N,0,261500000000,5,130,11740,15281758,MSFT
1654864843477539069,1654864843477527258,0,2,7370,T,N,0,261500000000,8,130,11811,15281759,MSFT
1654864843477652698,1654864843477641192,0,2,7370,T,N,0,261500000000,7,130,11506,15281763,MSFT
1654864846847585663,1654864846847573221,0,2,7370,T,N,0,261500000000,30,0,12442,15294852,MSFT
1654864846847585663,1654864846847573221,0,2,7370,T,N,0,261470000000,20,130,12442,15294853,MSFT
1654864846952539540,1654864846952525398,0,2,7370,T,N,0,261470000000,30,0,14142,15295443,MSFT
1654864846952539540,1654864846952525398,0,2,7370,T,N,0,261470000000,20,0,14142,15295444,MSFT
1654864846952539540,1654864846952525398,0,2,7370,T,A,0,261460000000,50,130,14142,15295445,MSFT
1654864851164648361,1654864851164636809,0,2,7370,T,N,0,261510000000,5,130,11552,15310387,MSFT
1654864858188026726,1654864858188012735,0,2,7370,T,N,0,261680000000,60,0,13991,15349157,MSFT
1654864858188026726,1654864858188012735,0,2,7370,T,N,0,261690000000,34,0,13991,15349158,MSFT
1654864858188026726,1654864858188012735,0,2,7370,T,B,0,261700000000,6,130,13991,15349159,MSFT
1654864860163985371,1654864860163973614,0,2,7370,T,N,0,261700000000,8,130,11757,15359380,MSFT
1654864860164358265,1654864860164346836,0,2,7370,T,N,0,261700000000,2,130,11429,15359391,MSFT
1654864860164673775,1654864860164662249,0,2,7370,T,N,0,261700000000,2,130,11526,15359401,MSFT
1654864860873619027,1654864860873603413,0,2,7370,T,B,0,261720000000,2,0,15614,15363065,MSFT
1654864860873619027,1654864860873603413,0,2,7370,T,B,0,261750000000,6,0,15614,15363066,MSFT
1654864860873619027,1654864860873603413,0,2,7370,T,N,0,261880000000,50,0,15614,15363067,MSFT
1654864860873619027,1654864860873603413,0,2,7370,T,N,0,261880000000,42,130,15614,15363068,MSFT
1654864863028156131,1654864863028144718,0,2,7370,T,N,0,261670000000,20,130,11413,15375854,MSFT
1654864864255126088,1654864864255113556,0,2,7370,T,N,0,261840000000,12,130,12532,15386695,MSFT
1654864864255858644,1654864864255846441,0,2,7370,T,N,0,261840000000,7,130,12203,15386706,MSFT
1654864875091788776,1654864875091777291,0,2,7370,T,B,0,261990000000,100,130,11485,15459851,MSFT
1654864883832738287,1654864883832724546,0,2,7370,T,B,0,262000000000,20,0,13741,15506369,MSFT
1654864883832738287,1654864883832724546,0,2,7370,T,B,0,262000000000,3,130,13741,15506370,MSFT
1654864897005157835,1654864897005141495,0,2,7370,T,N,0,262110000000,34,0,16340,15592933,MSFT
1654864897005157835,1654864897005141495,0,2,7370,T,N,0,262040000000,34,0,16340,15592934,MSFT
1654864897005157835,1654864897005141495,0,2,7370,T,A,0,261990000000,2,0,16340,15592935,MSFT
1654864897005157835,1654864897005141495,0,2,7370,T,A,0,261990000000,1,0,16340,15592936,MSFT
1654864897005157835,1654864897005141495,0,2,7370,T,N,0,261990000000,16,130,16340,15592937,MSFT
1654864898148948140,1654864898148936869,0,2,7370,T,N,0,262030000000,33,130,11271,15604600,MSFT
1654864898341655932,1654864898341644907,0,2,7370,T,B,0,262280000000,5,130,11025,15606062,MSFT
1654864898407004684,1654864898406993414,0,2,7370,T,N,0,262150000000,7,130,11270,15606719,MSFT
1654864900659847468,1654864900659836189,0,2,7370,T,N,0,262290000000,1,130,11279,15618667,MSFT
1654864919560039103,1654864919560025819,0,2,7370,T,N,0,262170000000,50,0,13284,15737234,MSFT
1654864919560039103,1654864919560025819,0,2,7370,T,N,0,262160000000,67,130,13284,15737235,MSFT
1654864920191755391,1654864920191743125,0,2,7370,T,A,0,262150000000,1,0,12266,15739364,MSFT
1654864920191755391,1654864920191743125,0,2,7370,T,A,0,262150000000,17,130,12266,15739365,MSFT
1654864923897679857,1654864923897668268,0,2,7370,T,A,0,262150000000,51,130,11589,15772047,MSFT
1654864932868865072,1654864932868852549,0,2,7370,T,A,0,262100000000,2,0,12523,15832604,MSFT
1654864932868865072,1654864932868852549,0,2,7370,T,A,0,262100000000,3,130,12523,15832605,MSFT
1654864933097517557,1654864933097505017,0,2,7370,T,A,0,262100000000,7,0,12540,15834683,MSFT
1654864933097517557,1654864933097505017,0,2,7370,T,N,0,262100000000,4,130,12540,15834684,MSFT
1654864938734793089,1654864938734780101,0,2,7370,T,N,0,262280000000,34,130,12988,15861252,MSFT
1654864951192917779,1654864951192905838,0,2,7370,T,B,0,262300000000,3,130,11941,15915793,MSFT
1654864981111347466,1654864981111335481,0,2,7370,T,A,0,262100000000,4,130,11985,16040536,MSFT
1654864981129945322,1654864981129933486,0,2,7370,T,A,0,262100000000,46,130,11836,16040662,MSFT
1654864984903755545,1654864984903741791,0,2,7370,T,N,0,262020000000,100,0,13754,16056232,MSFT
1654864984903755545,1654864984903741791,0,2,7370,T,N,0,261970000000,50,0,13754,16056233,MSFT
1654864984903755545,1654864984903741791,0,2,7370,T,N,0,261970000000,50,130,13754,16056234,MSFT
1654865004814905032,1654865004814893387,0,2,7370,T,A,0,261850000000,7,130,11645,16135423,MSFT
1654865009996325805,1654865009996312486,0,2,7370,T,A,0,261850000000,3,0,13319,16149835,MSFT
1654865009996325805,1654865009996312486,0,2,7370,T,A,0,261850000000,1,130,13319,16149836,MSFT
1654865010762708045,1654865010762695950,0,2,7370,T,A,0,261750000000,1,130,12095,16150753,MSFT
1654865021174343764,1654865021174330796,0,2,7370,T,N,0,261530000000,50,0,12968,16191702,MSFT
1654865021174343764,1654865021174330796,0,2,7370,T,N,0,261520000000,18,130,12968,16191703,MSFT
1654865022086737304,1654865022086725420,0,2,7370,T,B,0,261550000000,50,130,11884,16194691,MSFT
1654865022086741507,1654865022086730499,0,2,7370,T,B,0,261550000000,50,130,11008,16194692,MSFT
1654865022086753211,1654865022086741277,0,2,7370,T,B,0,261550000000,8,130,11934,16194694,MSFT
1654865025053098179,1654865025053083231,0,2,7370,T,N,0,261550000000,2,0,14948,16209796,MSFT
1654865025053098179,1654865025053083231,0,2,7370,T,A,0,261500000000,20,0,14948,16209797,MSFT
1654865025053098179,1654865025053083231,0,2,7370,T,A,0,261500000000,2,0,14948,16209798,MSFT
1654865025053196504,1654865025053185485,0,2,7370,T,B,0,261500000000,50,130,11019,16209801,MSFT
1654865025053335741,1654865025053323593,0,2,7370,T,B,0,261500000000,26,130,12148,16209802,MSFT
1654865025749483764,1654865025749470732,0,2,7370,T,N,0,261510000000,50,130,13032,16213069,MSFT
1654865026913684420,1654865026913672934,0,2,7370,T,N,0,261650000000,10,130,11486,16216804,MSFT
1654865026926522046,1654865026926509487,0,2,7370,T,N,0,261690000000,34,0,12559,16216839,MSFT
1654865026926522046,1654865026926509487,0,2,7370,T,N,0,261690000000,25,130,12559,16216840,MSFT
1654865029756362929,1654865029756350606,0,2,7370,T,N,0,261550000000,2,0,12323,16225348,MSFT
1654865029756362929,1654865029756350606,0,2,7370,T,N,0,261510000000,14,130,12323,16225349,MSFT
1654865044205127499,1654865044205115583,0,2,7370,T,A,0,261640000000,110,130,11916,16269940,MSFT
1654865044249444328,1654865044249432748,0,2,7370,T,A,0,261640000000,110,130,11580,16270119,MSFT
1654865044601483017,1654865044601470508,0,2,7370,T,A,0,261640000000,110,130,12509,16272431,MSFT
1654865044638553529,1654865044638540847,0,2,7370,T,A,0,261640000000,70,0,12682,16272808,MSFT
1654865044638553529,1654865044638540847,0,2,7370,T,A,0,261640000000,40,130,12682,16272809,MSFT
1654865044660106591,1654865044660095208,0,2,7370,T,A,0,261640000000,74,130,11383,16273372,MSFT
1654865044660706877,1654865044660694067,0,2,7370,T,N,0,261590000000,4,130,12810,16273421,MSFT
1654865044983366176,1654865044983351998,0,2,7370,T,N,0,261620000000,20,0,14178,16275395,MSFT
1654865044983366176,1654865044983351998,0,2,7370,T,N,0,261660000000,50,0,14178,16275396,MSFT
1654865044983366176,1654865044983351998,0,2,7370,T,N,0,261660000000,10,130,14178,16275397,MSFT
1654865047212785676,1654865047212773293,0,2,7370,T,N,0,261510000000,2,0,12383,16283743,MSFT
1654865047212785676,1654865047212773293,0,2,7370,T,N,0,261510000000,28,130,12383,16283744,MSFT
1654865047421838991,1654865047421825439,0,2,7370,T,N,0,261490000000,5,0,13552,16284023,MSFT
1654865047421838991,1654865047421825439,0,2,7370,T,N,0,261470000000,2,0,13552,16284024,MSFT
1654865047421838991,1654865047421825439,0,2,7370,T,N,0,261470000000,26,130,13552,16284025,MSFT
1654865047499572396,1654865047499559579,0,2,7370,T,B,0,261640000000,1,0,12817,16284069,MSFT
1654865047499572396,1654865047499559579,0,2,7370,T,N,0,261650000000,19,130,12817,16284070,MSFT
1654865050358894951,1654865050358883253,0,2,7370,T,N,0,261480000000,100,130,11698,16297284,MSFT
1654865050762780301,1654865050762765653,0,2,7370,T,N,0,261530000000,2,0,14648,16298315,MSFT
1654865050762780301,1654865050762765653,0,2,7370,T,N,0,261470000000,50,0,14648,16298316,MSFT
1654865050762780301,1654865050762765653,0,2,7370,T,A,0,261460000000,12,130,14648,16298317,MSFT
1654865051821720302,1654865051821707611,0,2,7370,T,N,0,261470000000,34,0,12691,16302098,MSFT
1654865051821720302,1654865051821707611,0,2,7370,T,A,0,261460000000,76,130,12691,16302099,MSFT
1654865052318391516,1654865052318379864,0,2,7370,T,A,0,261460000000,40,130,11652,16303962,MSFT
1654865052319007255,1654865052318994676,0,2,7370,T,A,0,261460000000,275,0,12579,16303966,MSFT
1654865052319007255,1654865052318994676,0,2,7370,T,A,0,261460000000,5,130,12579,16303967,MSFT
1654865056931665807,1654865056931653581,0,2,7370,T,A,0,261300000000,5,130,12226,16325555,MSFT
1654865065363456539,1654865065363443817,0,2,7370,T,N,0,261510000000,34,0,12722,16348706,MSFT
1654865065363456539,1654865065363443817,0,2,7370,T,N,0,261580000000,84,130,12722,16348707,MSFT
1654865068587774142,1654865068587762446,0,2,7370,T,N,0,261280000000,2,130,11696,16365257,MSFT
1654865068589680626,1654865068589669046,0,2,7370,T,N,0,261280000000,40,130,11580,16365274,MSFT
1654865070777952790,1654865070777941136,0,2,7370,T,N,0,261260000000,10,130,11654,16372634,MSFT
1654865072204056575,1654865072204045183,0,2,7370,T,N,0,261280000000,30,130,11392,16378338,MSFT
1654865087706779576,1654865087706767878,0,2,7370,T,N,0,261290000000,7,130,11698,16418595,MSFT
1654865093182564713,1654865093182552961,0,2,7370,T,B,0,261300000000,22,130,11752,16440054,MSFT
1654865093199991375,1654865093199980153,0,2,7370,T,B,0,261300000000,68,130,11222,16440394,MSFT
1654865093907610334,1654865093907593583,0,2,7370,T,N,0,261270000000,10,0,16751,16446918,MSFT
1654865093907610334,1654865093907593583,0,2,7370,T,N,0,261290000000,20,0,16751,16446919,MSFT
1654865093907610334,1654865093907593583,0,2,7370,T,N,0,261290000000,20,0,16751,16446920,MSFT
1654865093907610334,1654865093907593583,0,2,7370,T,N,0,261290000000,34,0,16751,16446921,MSFT
1654865093907610334,1654865093907593583,0,2,7370,T,N,0,261290000000,20,0,16751,16446922,MSFT
1654865093907610334,1654865093907593583,0,2,7370,T,B,0,261300000000,96,130,16751,16446923,MSFT
1654865094043319024,1654865094043306035,0,2,7370,T,N,0,261290000000,20,0,12989,16447647,MSFT
1654865094043319024,1654865094043306035,0,2,7370,T,B,0,261300000000,64,130,12989,16447648,MSFT
1654865104256269454,1654865104256257612,0,2,7370,T,N,0,261290000000,57,130,11842,16493528,MSFT
1654865108103431351,1654865108103415567,0,2,7370,T,N,0,261270000000,50,0,15784,16520520,MSFT
1654865108103431351,1654865108103415567,0,2,7370,T,N,0,261290000000,143,0,15784,16520521,MSFT
1654865108103431351,1654865108103415567,0,2,7370,T,N,0,261290000000,34,0,15784,16520522,MSFT
1654865108103431351,1654865108103415567,0,2,7370,T,B,0,261300000000,16,130,15784,16520523,MSFT
1654865108103447481,1654865108103433982,0,2,7370,T,B,0,261300000000,48,130,13499,16520524,MSFT
1654865108103659816,1654865108103648408,0,2,7370,T,B,0,261300000000,27,130,11408,16520531,MSFT
1654865108104055948,1654865108104044110,0,2,7370,T,B,0,261300000000,152,130,11838,16520545,MSFT
1654865108115768402,1654865108115753635,0,2,7370,T,N,0,261360000000,34,0,14767,16520827,MSFT
1654865108115768402,1654865108115753635,0,2,7370,T,N,0,261340000000,10,0,14767,16520828,MSFT
1654865108115768402,1654865108115753635,0,2,7370,T,N,0,261330000000,34,0,14767,16520829,MSFT
1654865108115798585,1654865108115782865,0,2,7370,T,B,0,261330000000,22,130,15720,16520831,MSFT
1654865108117328248,1654865108117316026,0,2,7370,T,B,0,261330000000,48,130,12222,16520843,MSFT
1654865111263870514,1654865111263854007,0,2,7370,T,N,0,261590000000,34,0,16507,16539628,MSFT
1654865111263870514,1654865111263854007,0,2,7370,T,N,0,261620000000,34,0,16507,16539629,MSFT
1654865111263870514,1654865111263854007,0,2,7370,T,N,0,261650000000,10,0,16507,16539630,MSFT
1654865111263870514,1654865111263854007,0,2,7370,T,N,0,261680000000,100,0,16507,16539631,MSFT
1654865111263870514,1654865111263854007,0,2,7370,T,N,0,261680000000,42,130,16507,16539632,MSFT
1654865111310206331,1654865111310194284,0,2,7370,T,N,0,261690000000,100,130,12047,16540436,MSFT
1654865111346235074,1654865111346205548,0,2,7370,T,N,0,261690000000,100,130,29526,16540605,MSFT
1654865111582630716,1654865111582617004,0,2,7370,T,N,0,261680000000,50,0,13712,16542914,MSFT
1654865111582630716,1654865111582617004,0,2,7370,T,N,0,261690000000,50,130,13712,16542915,MSFT
1654865111589103467,1654865111589070514,0,2,7370,T,N,0,261690000000,50,0,32953,16542981,MSFT
1654865111589103467,1654865111589070514,0,2,7370,T,B,0,261700000000,100,130,32953,16542982,MSFT
1654865113632614053,1654865113632603002,0,2,7370,T,N,0,261750000000,5,130,11051,16558883,MSFT
1654865113633584134,1654865113633572818,0,2,7370,T,N,0,261750000000,5,130,11316,16558900,MSFT
1654865115224774278,1654865115224762838,0,2,7370,T,N,0,261950000000,10,130,11440,16566377,MSFT
1654865115457994915,1654865115457980661,0,2,7370,T,N,0,261980000000,34,130,14254,16567650,MSFT
1654865125288786821,1654865125288774083,0,2,7370,T,N,0,261870000000,4,0,12738,16610246,MSFT
1654865125288786821,1654865125288774083,0,2,7370,T,N,0,261900000000,8,130,12738,16610247,MSFT
1654865127345348574,1654865127345334097,0,2,7370,T,N,0,261970000000,50,0,14477,16619682,MSFT
1654865127345348574,1654865127345334097,0,2,7370,T,N,0,261990000000,50,0,14477,16619683,MSFT
1654865127345348574,1654865127345334097,0,2,7370,T,N,0,261990000000,18,130,14477,16619684,MSFT
1654865140798236668,1654865140798222291,0,2,7370,T,B,0,262000000000,5,0,14377,16665500,MSFT
1654865140798236668,1654865140798222291,0,2,7370,T,N,0,262000000000,50,0,14377,16665501,MSFT
1654865140798236668,1654865140798222291,0,2,7370,T,N,0,262070000000,63,130,14377,16665502,MSFT
1654865157588075987,1654865157588064352,0,2,7370,T,N,0,261820000000,5,130,11635,16721227,MSFT
1654865161068203948,1654865161068192157,0,2,7370,T,N,0,261850000000,1,130,11791,16734403,MSFT
1654865175117850236,1654865175117838704,0,2,7370,T,N,0,261850000000,34,130,11532,16782700,MSFT
1654865176362738981,1654865176362727114,0,2,7370,T,N,0,261850000000,15,130,11867,16787919,MSFT
1654865178602514289,1654865178602502366,0,2,7370,T,A,0,261750000000,1,130,11923,16794130,MSFT
1654865198034117326,1654865198034105478,0,2,7370,T,A,0,261750000000,1,130,11848,16844404,MSFT
1654865203297417663,1654865203297405926,0,2,7370,T,N,0,261770000000,40,130,11737,16874824,MSFT
1654865203299015402,1654865203299003583,0,2,7370,T,N,0,261770000000,40,130,11819,16874830,MSFT
1654865203300833582,1654865203300821200,0,2,7370,T,N,0,261770000000,20,0,12382,16874837,MSFT
1654865203300833582,1654865203300821200,0,2,7370,T,B,0,261800000000,20,130,12382,16874838,MSFT
1654865203927346169,1654865203927334427,0,2,7370,T,B,0,261800000000,20,130,11742,16877258,MSFT
1654865205516683332,1654865205516672044,0,2,7370,T,N,0,262000000000,34,130,11288,16887166,MSFT
1654865205518858149,1654865205518846390,0,2,7370,T,N,0,262000000000,98,130,11759,16887169,MSFT
1654865213012967325,1654865213012954735,0,2,7370,T,N,0,262000000000,20,130,12590,16911367,MSFT
1654865213012969173,1654865213012956731,0,2,7370,T,N,0,262000000000,20,130,12442,16911368,MSFT
1654865213013091266,1654865213013079147,0,2,7370,T,N,0,262000000000,100,128,12119,16911371,MSFT
1654865213013116903,1654865213013104951,0,2,7370,T,N,0,262000000000,43,130,11952,16911374,MSFT
1654865213015879966,1654865213015868628,0,2,7370,T,N,0,262000000000,200,130,11338,16911381,MSFT
1654865213016252152,1654865213016240843,0,2,7370,T,N,0,262000000000,100,130,11309,16911390,MSFT
1654865213024841047,1654865213024828968,0,2,7370,T,N,0,262170000000,152,0,12079,16911440,MSFT
1654865213024841047,1654865213024828968,0,2,7370,T,N,0,262180000000,15,130,12079,16911441,MSFT
1654865252048487119,1654865252048473524,0,2,7370,T,A,0,262170000000,50,0,13595,17030375,MSFT
1654865252048487119,1654865252048473524,0,2,7370,T,N,0,262150000000,34,130,13595,17030376,MSFT
1654865257017225801,1654865257017210097,0,2,7370,T,A,0,262100000000,5,0,15704,17043437,MSFT
1654865257017225801,1654865257017210097,0,2,7370,T,N,0,262080000000,10,0,15704,17043438,MSFT
1654865257017225801,1654865257017210097,0,2,7370,T,N,0,262080000000,34,0,15704,17043439,MSFT
1654865257017225801,1654865257017210097,0,2,7370,T,N,0,262070000000,10,130,15704,17043440,MSFT
1654865257017229750,1654865257017210097,0,2,7370,T,N,0,262070000000,34,0,19653,17043441,MSFT
1654865257017229750,1654865257017210097,0,2,7370,T,N,0,262060000000,34,0,19653,17043442,MSFT
1654865257017229750,1654865257017210097,0,2,7370,T,N,0,262010000000,10,0,19653,17043443,MSFT
1654865257017229750,1654865257017210097,0,2,7370,T,N,0,261980000000,10,0,19653,17043444,MSFT
1654865257017229750,1654865257017210097,0,2,7370,T,N,0,261940000000,10,130,19653,17043445,MSFT
1654865257017249859,1654865257017238274,0,2,7370,T,N,0,261930000000,13,130,11585,17043447,MSFT
1654865257017258889,1654865257017245776,0,2,7370,T,N,0,261930000000,4,130,13113,17043449,MSFT
1654865262011467285,1654865262011455506,0,2,7370,T,A,0,262000000000,12,130,11779,17059150,MSFT
1654865262385071501,1654865262385059701,0,2,7370,T,N,0,262090000000,1,130,11800,17059785,MSFT
1654865267298341877,1654865267298330717,0,2,7370,T,B,0,262000000000,1,130,11160,17071398,MSFT
1654865282065136954,1654865282065125455,0,2,7370,T,N,0,262020000000,100,130,11499,17114276,MSFT
1654865282065153487,1654865282065142222,0,2,7370,T,N,0,262020000000,100,130,11265,17114277,MSFT
1654865282070340089,1654865282070328581,0,2,7370,T,A,0,262000000000,100,130,11508,17114281,MSFT
1654865282071058116,1654865282071046707,0,2,7370,T,A,0,262000000000,34,130,11409,17114292,MSFT
1654865282071084700,1654865282071073097,0,2,7370,T,A,0,262000000000,34,130,11603,17114293,MSFT
1654865282071127556,1654865282071115984,0,2,7370,T,A,0,262000000000,32,130,11572,17114294,MSFT
1654865285183710448,1654865285183698832,0,2,7370,T,N,0,262000000000,100,130,11616,17122376,MSFT
1654865293764754496,1654865293764742017,0,2,7370,T,N,0,262050000000,34,0,12479,17144172,MSFT
1654865293764754496,1654865293764742017,0,2,7370,T,N,0,262060000000,83,130,12479,17144173,MSFT
1654865296161323733,1654865296161311866,0,2,7370,T,A,0,261810000000,1,130,11867,17152745,MSFT
1654865296161560460,1654865296161549003,0,2,7370,T,N,0,261820000000,1,130,11457,17152747,MSFT
1654865296163101315,1654865296163087053,0,2,7370,T,A,0,261810000000,2,0,14262,17152752,MSFT
1654865296163101315,1654865296163087053,0,2,7370,T,A,0,261800000000,1,130,14262,17152753,MSFT
1654865296164454713,1654865296164442894,0,2,7370,T,N,0,261780000000,100,130,11819,17152765,MSFT
1654865296166104726,1654865296166092834,0,2,7370,T,N,0,261770000000,30,0,11892,17152767,MSFT
1654865296166104726,1654865296166092834,0,2,7370,T,B,0,261780000000,66,130,11892,17152768,MSFT
1654865296166110530,1654865296166099308,0,2,7370,T,B,0,261780000000,3,130,11222,17152769,MSFT
1654865296166489444,1654865296166477389,0,2,7370,T,B,0,261780000000,31,0,12055,17152772,MSFT
1654865296166489444,1654865296166477389,0,2,7370,T,B,0,261780000000,3,130,12055,17152773,MSFT
1654865296167791418,1654865296167779275,0,2,7370,T,B,0,261780000000,97,0,12143,17152776,MSFT
1654865296167791418,1654865296167779275,0,2,7370,T,B,0,261780000000,3,130,12143,17152777,MSFT
1654865296991632059,1654865296991619097,0,2,7370,T,B,0,261780000000,97,0,12962,17155942,MSFT
1654865296991632059,1654865296991619097,0,2,7370,T,B,0,261780000000,3,130,12962,17155943,MSFT
1654865301893446855,1654865301893435316,0,2,7370,T,N,0,261800000000,5,130,11539,17173679,MSFT
1654865301894421011,1654865301894409559,0,2,7370,T,N,0,261800000000,5,130,11452,17173684,MSFT
1654865303697877906,1654865303697864555,0,2,7370,T,N,0,261940000000,10,0,13351,17176764,MSFT
1654865303697877906,1654865303697864555,0,2,7370,T,N,0,261970000000,34,0,13351,17176765,MSFT
1654865303697877906,1654865303697864555,0,2,7370,T,N,0,261970000000,30,130,13351,17176766,MSFT
1654865306341283455,1654865306341271592,0,2,7370,T,N,0,261980000000,10,130,11863,17181938,MSFT
1654865335016162119,1654865335016150592,0,2,7370,T,N,0,261990000000,3,130,11527,17253840,MSFT
1654865345795940242,1654865345795928727,0,2,7370,T,N,0,261830000000,3,130,11515,17280223,MSFT
1654865354608089052,1654865354608075279,0,2,7370,T,A,0,261750000000,1,0,13773,17304041,MSFT
1654865354608089052,1654865354608075279,0,2,7370,T,A,0,261750000000,1,0,13773,17304042,MSFT
1654865354608089052,1654865354608075279,0,2,7370,T,A,0,261750000000,1,130,13773,17304043,MSFT
1654865354608595706,1654865354608584406,0,2,7370,T,N,0,261840000000,197,130,11300,17304045,MSFT
1654865354611171983,1654865354611159521,0,2,7370,T,N,0,261820000000,30,0,12462,17304047,MSFT
1654865354611171983,1654865354611159521,0,2,7370,T,N,0,261830000000,5,130,12462,17304048,MSFT
1654865354611301295,1654865354611289096,0,2,7370,T,N,0,261830000000,95,0,12199,17304049,MSFT
1654865354611301295,1654865354611289096,0,2,7370,T,B,0,261840000000,5,130,12199,17304050,MSFT
1654865359615189433,1654865359615176477,0,2,7370,T,N,0,261870000000,20,0,12956,17315060,MSFT
1654865359615189433,1654865359615176477,0,2,7370,T,A,0,261860000000,5,130,12956,17315061,MSFT
1654865373667902573,1654865373667890275,0,2,7370,T,N,0,261990000000,3,130,12298,17347631,MSFT
1654865382985458068,1654865382985446399,0,2,7370,T,N,0,261860000000,3,130,11669,17367592,MSFT
1654865386122619494,1654865386122607057,0,2,7370,T,N,0,261870000000,2,130,12437,17374450,MSFT
1654865400917476631,1654865400917459057,0,2,7370,T,A,0,261750000000,4,0,17574,17429388,MSFT
1654865400917476631,1654865400917459057,0,2,7370,T,A,0,261730000000,1,130,17574,17429389,MSFT
1654865401163978934,1654865401163966510,0,2,7370,T,A,0,261620000000,2,130,12424,17430019,MSFT
1654865402393992505,1654865402393980741,0,2,7370,T,N,0,261620000000,34,130,11764,17434785,MSFT
1654865408759049952,1654865408759038116,0,2,7370,T,N,0,261620000000,10,130,11836,17466170,MSFT
1654865408998606033,1654865408998593086,0,2,7370,T,N,0,261620000000,34,130,12947,17468006,MSFT
1654865414913070172,1654865414913053606,0,2,7370,T,A,0,261500000000,1,0,16566,17498174,MSFT
1654865414913070172,1654865414913053606,0,2,7370,T,N,0,261500000000,10,0,16566,17498175,MSFT
1654865414913070172,1654865414913053606,0,2,7370,T,N,0,261490000000,10,0,16566,17498176,MSFT
1654865414913070172,1654865414913053606,0,2,7370,T,N,0,261480000000,24,130,16566,17498177,MSFT
1654865419309062942,1654865419309049103,0,2,7370,T,A,0,261500000000,28,0,13839,17513373,MSFT
1654865419309062942,1654865419309049103,0,2,7370,T,N,0,261430000000,34,0,13839,17513374,MSFT
1654865419309062942,1654865419309049103,0,2,7370,T,N,0,261420000000,38,130,13839,17513375,MSFT
1654865430696853719,1654865430696841128,0,2,7370,T,A,0,261500000000,2,0,12591,17543964,MSFT
1654865430696853719,1654865430696841128,0,2,7370,T,N,0,261420000000,48,130,12591,17543965,MSFT
1654865436139596365,1654865436139580398,0,2,7370,T,A,0,261510000000,36,0,15967,17557583,MSFT
1654865436139596365,1654865436139580398,0,2,7370,T,A,0,261500000000,2,0,15967,17557584,MSFT
1654865436139596365,1654865436139580398,0,2,7370,T,N,0,261430000000,34,0,15967,17557585,MSFT
1654865436139596365,1654865436139580398,0,2,7370,T,N,0,261420000000,14,0,15967,17557586,MSFT
1654865436139596365,1654865436139580398,0,2,7370,T,N,0,261360000000,14,130,15967,17557587,MSFT
1654865442363543808,1654865442363532772,0,2,7370,T,N,0,261360000000,106,130,11036,17577114,MSFT
1654865444477035537,1654865444477024487,0,2,7370,T,N,0,261360000000,1,130,11050,17583344,MSFT
1654865446346007660,1654865446345995058,0,2,7370,T,N,0,261360000000,29,0,12602,17587257,MSFT
1654865446346007660,1654865446345995058,0,2,7370,T,N,0,261320000000,1,130,12602,17587258,MSFT
1654865450663472920,1654865450663460654,0,2,7370,T,N,0,261320000000,79,0,12266,17600087,MSFT
1654865450663472920,1654865450663460654,0,2,7370,T,A,0,261310000000,21,130,12266,17600088,MSFT
1654865450664039298,1654865450664026873,0,2,7370,T,A,0,261310000000,79,0,12425,17600117,MSFT
1654865450664039298,1654865450664026873,0,2,7370,T,A,0,261310000000,18,130,12425,17600118,MSFT
1654865451536699615,1654865451536687337,0,2,7370,T,B,0,261310000000,3,128,12278,17602629,MSFT
1654865463579341277,1654865463579329975,0,2,7370,T,N,0,261090000000,1,130,11302,17633181,MSFT
1654865465656884573,1654865465656872975,0,2,7370,T,N,0,261090000000,1,130,11598,17637913,MSFT
1654865465689539685,1654865465689526998,0,2,7370,T,A,0,261060000000,1,0,12687,17637936,MSFT
1654865465689539685,1654865465689526998,0,2,7370,T,N,0,261040000000,8,130,12687,17637937,MSFT
1654865492000254176,1654865492000242931,0,2,7370,T,N,0,261120000000,18,130,11245,17730007,MSFT
1654865495735291570,1654865495735280301,0,2,7370,T,N,0,261120000000,10,130,11269,17740586,MSFT
1654865495736245952,1654865495736233760,0,2,7370,T,N,0,261120000000,2,0,12192,17740609,MSFT
1654865495736245952,1654865495736233760,0,2,7370,T,N,0,261120000000,3,130,12192,17740610,MSFT
1654865506605535946,1654865506605523810,0,2,7370,T,N,0,261120000000,5,130,12136,17767781,MSFT
1654865516619690552,1654865516619679122,0,2,7370,T,N,0,261120000000,3,130,11430,17802333,MSFT
1654865534511750452,1654865534511737521,0,2,7370,T,N,0,261050000000,2,0,12931,17846942,MSFT
1654865534511750452,1654865534511737521,0,2,7370,T,A,0,261010000000,3,130,12931,17846943,MSFT
1654865541448374241,1654865541448361993,0,2,7370,T,N,0,261050000000,2,0,12248,17864065,MSFT
1654865541448374241,1654865541448361993,0,2,7370,T,N,0,261030000000,33,130,12248,17864066,MSFT
1654865541448770843,1654865541448758549,0,2,7370,T,N,0,261030000000,34,0,12294,17864080,MSFT
